Barrios,Lucia,2002,1001 12436 0413,humanidades,postgrado,neurologia 93,calculo 14,razonamiento 79,auditoria 40,microeconomia 79
Lima,Luz,1996,7366 49505 0102,humanidades,postgrado,matematica 58,neurologia 82,microeconomia 3,compiladores 89
Lopez,Andrea,2013,7973 15401 0108,ingenieria,postgrado,microeconomia 31,neurologia 79
Ruiz,Alejandro,2004,3351 93501 0108,economia,pregrado,energia 63,razonamiento 27,auditoria 46,compiladores 68
Morales,Evelyn,2009,6435 38106 0413,ingenieria,postgrado,auditoria 85,matematica 39,razonamiento 20
Leon,Luz,2000,3999 61613 0102,ambientales,pregrado,calculo 14,razonamiento 35,macroeconomia 74,neurologia 59,compiladores 55
Bautista,Alejandro,2001,7439 20543 0113,ingenieria,doctorado,microeconomia 80,energia 20,macroeconomia 52
Perez,Daniel,2020,7129 61161 0108,humanidades,doctorado,biologia 12,compiladores 99,programacion 76
Vasquez,Daniel,2016,9042 28299 0413,ingenieria,postgrado,razonamiento 48,neurologia 37,microeconomia 88
Lima,Manuel,1998,2804 82921 0113,salud,postgrado,biologia 21,compiladores 93
Barrios,Evelyn,2007,6790 38501 0102,economia,postgrado,neurologia 78
Morales,Lucia,1996,6273 65722 0413,economia,doctorado,programacion 53,microeconomia 58,macroeconomia 32,biologia 62,auditoria 44
Lopez,Ana,1999,8286 73096 0102,ambientales,postgrado,macroeconomia 68,biologia 31,compiladores 88,neurologia 26
Barrios,Andrea,2002,4062 40451 0113,economia,pregrado,compiladores 34,matematica 89,deporte 30,auditoria 78,macroeconomia 86
Leon,Ana,2000,3479 68821 0102,humanidades,postgrado,matematica 26
Bautista,Manuel,2011,6906 24179 0101,ingenieria,doctorado,razonamiento 1,programacion 38,microeconomia 78,energia 55
Vasquez,Andrea,2004,3100 47024 0101,salud,pregrado,biologia 8,neurologia 43,razonamiento 7,matematica 98
Lima,Manuel,2018,1557 21942 0413,economia,pregrado,deporte 34,calculo 63,compiladores 58,biologia 48,matematica 9
Mejia,Andrea,2000,8874 83711 0101,economia,postgrado,programacion 6,compiladores 80,matematica 65,biologia 27
Lopez,Andrea,2010,7303 45727 0413,salud,pregrado,neurologia 32,calculo 47
Vasquez,Ana,2009,9397 17952 0108,ingenieria,doctorado,energia 86,macroeconomia 73,neurologia 4,biologia 8
Barrios,Lucia,1998,6651 13430 0413,economia,pregrado,energia 51,calculo 69,auditoria 31,compiladores 35
Bautista,Ana,1999,1484 40909 0108,humanidades,pregrado,compiladores 31
Mejia,Lucia,2007,6918 29641 0413,salud,pregrado,neurologia 68,microeconomia 72
Perez,Alejandro,2021,1386 32936 0413,ambientales,postgrado,macroeconomia 40,microeconomia 46,auditoria 6
Lima,Kevin,2019,6578 62978 0101,ambientales,postgrado,programacion 58,razonamiento 56,energia 54
Barillas,Kevin,2000,6738 18901 0113,humanidades,pregrado,biologia 92,compiladores 83,energia 36,programacion 44
Perez,Luz,2011,5845 65521 0101,ambientales,doctorado,calculo 51,energia 30,neurologia 2,matematica 23,razonamiento 27
Leon,Manuel,2008,8385 71295 0102,humanidades,doctorado,biologia 36,programacion 68
Leon,Sebastian,2002,1223 82214 0113,economia,doctorado,macroeconomia 64,biologia 8,programacion 28,energia 50,auditoria 16
Lima,Luz,2013,3050 11001 0101,economia,doctorado,calculo 98,auditoria 74,neurologia 99
Ruiz,Lucia,2002,8866 90503 0113,economia,postgrado,energia 10,razonamiento 5,microeconomia 11
Lima,Alejandro,1996,5049 59870 0113,economia,pregrado,programacion 1,microeconomia 84,compiladores 3
Perez,Evelyn,1996,3642 90952 0113,economia,postgrado,matematica 15,compiladores 94,biologia 87,calculo 98,macroeconomia 88
Barrios,Lucia,2012,8175 20416 0413,ambientales,pregrado,razonamiento 68,neurologia 51,deporte 49,auditoria 31,compiladores 77
Barillas,Andrea,2005,4914 80903 0101,salud,pregrado,compiladores 77,matematica 4,razonamiento 28,macroeconomia 32,energia 87
Perez,Evelyn,2002,4765 56110 0101,ingenieria,postgrado,microeconomia 83,energia 47,deporte 76,neurologia 62,compiladores 28
Lima,Evelyn,1996,4137 28002 0108,salud,doctorado,macroeconomia 30,razonamiento 14,programacion 74,energia 21
Barrios,Sebastian,2019,7779 32518 0413,humanidades,postgrado,auditoria 46
Morales,Manuel,2004,3228 17738 0108,salud,pregrado,macroeconomia 100
Mejia,Daniel,2013,7177 96034 0108,ambientales,doctorado,neurologia 9
Ruiz,Luz,2011,5144 73404 0108,economia,pregrado,auditoria 27,neurologia 64
Perez,Kevin,2007,2039 24693 0413,humanidades,postgrado,microeconomia 87,deporte 94,programacion 23
Barillas,Andrea,2010,6820 71603 0113,humanidades,pregrado,deporte 65
Lopez,Kevin,2007,2778 18696 0101,economia,pregrado,auditoria 63
Vasquez,Evelyn,2007,7328 96034 0413,salud,pregrado,energia 79,razonamiento 46
Bautista,Evelyn,1998,5566 57924 0101,humanidades,pregrado,auditoria 57,macroeconomia 80
Barillas,Daniel,2005,2016 13530 0101,ingenieria,doctorado,microeconomia 32
Morales,Sebastian,2012,4906 15401 0113,humanidades,postgrado,auditoria 91,biologia 54,calculo 6,macroeconomia 44
Lopez,Evelyn,2013,4458 97449 0108,ingenieria,postgrado,razonamiento 10,macroeconomia 59,microeconomia 56,deporte 63,neurologia 57
Barillas,Luz,1994,2994 54874 0113,economia,postgrado,calculo 8,energia 35,auditoria 12,neurologia 59
Mejia,Evelyn,1995,1515 82717 0101,economia,pregrado,deporte 76,compiladores 54,programacion 42,razonamiento 1,matematica 63
Bautista,Andrea,2012,5357 50473 0113,ingenieria,pregrado,matematica 47
Leon,Andrea,1999,3515 42009 0113,humanidades,doctorado,energia 91,microeconomia 12
Barrios,Daniel,2002,2978 62559 0102,salud,pregrado,neurologia 46
Ruiz,Kevin,2015,1494 76932 0413,salud,doctorado,calculo 75,matematica 24,compiladores 99
Barillas,Kevin,2010,3412 46049 0108,salud,pregrado,energia 8
Bautista,Evelyn,2011,5795 13458 0413,humanidades,doctorado,microeconomia 27
Bautista,Kevin,2000,2529 39955 0113,economia,postgrado,auditoria 63,microeconomia 9,energia 73,neurologia 99
Perez,Manuel,2003,6914 54120 0113,salud,postgrado,energia 64,biologia 10,razonamiento 100,matematica 45,compiladores 33
Lima,Andrea,1997,4331 75002 0413,ingenieria,pregrado,deporte 33,compiladores 95
Lima,Daniel,2001,7744 57386 0108,salud,postgrado,programacion 10,deporte 33,neurologia 60
Barillas,Alejandro,2019,5547 71207 0108,ingenieria,doctorado,macroeconomia 68,energia 81,programacion 13,biologia 98
Ruiz,Andrea,2006,5858 38159 0108,ambientales,doctorado,matematica 52,neurologia 8,biologia 72
Mejia,Lucia,2003,9264 31940 0101,ingenieria,doctorado,biologia 75,deporte 21,macroeconomia 83,neurologia 19
Vasquez,Manuel,2010,4413 49954 0102,humanidades,pregrado,auditoria 1,neurologia 84
Mejia,Kevin,2005,5125 88577 0413,salud,doctorado,microeconomia 23,programacion 34
Lima,Daniel,2011,5943 24145 0102,economia,postgrado,biologia 70,razonamiento 9,auditoria 66,macroeconomia 65
Lima,Luz,2007,1851 83743 0102,humanidades,postgrado,auditoria 33,energia 62,calculo 38
Barillas,Daniel,2002,9720 34217 0101,salud,doctorado,biologia 22,neurologia 40,programacion 87,compiladores 29,razonamiento 62
Lopez,Lucia,1996,2230 76037 0102,humanidades,pregrado,macroeconomia 62,biologia 87,matematica 73,calculo 37
Ruiz,Alejandro,2000,9223 31959 0113,salud,pregrado,calculo 100,deporte 13,microeconomia 68
Lima,Alejandro,2014,8131 51983 0413,salud,doctorado,programacion 12,biologia 91,compiladores 40,macroeconomia 1,auditoria 90
Lopez,Alejandro,2005,2797 15709 0102,ingenieria,postgrado,programacion 62,auditoria 22,microeconomia 64
Bautista,Ana,2002,3251 69140 0113,humanidades,pregrado,matematica 34
Vasquez,Andrea,2019,8572 57363 0113,ambientales,postgrado,programacion 43,energia 83,compiladores 47
Barillas,Luz,1994,8908 70548 0102,economia,pregrado,compiladores 53,programacion 31,microeconomia 54,neurologia 90
Morales,Sebastian,2016,4750 33149 0102,economia,postgrado,auditoria 39
Barrios,Daniel,2003,1450 47838 0101,ambientales,doctorado,razonamiento 84
Mejia,Alejandro,2013,6571 59852 0101,humanidades,doctorado,energia 86,biologia 54,razonamiento 29,auditoria 34
Barrios,Alejandro,2014,2252 30862 0413,ingenieria,pregrado,macroeconomia 17,biologia 13,calculo 77,compiladores 73,auditoria 32
Perez,Andrea,1995,6780 93713 0113,ingenieria,doctorado,neurologia 7,programacion 14,biologia 83,macroeconomia 84
Vasquez,Manuel,2008,2792 34391 0102,humanidades,postgrado,neurologia 36,biologia 52,calculo 74,macroeconomia 62
Barillas,Daniel,2012,2017 75078 0101,ingenieria,doctorado,microeconomia 26
Vasquez,Alejandro,2010,2852 86792 0113,humanidades,postgrado,biologia 33,compiladores 14,deporte 88
Barrios,Luz,2010,6813 34764 0413,ambientales,doctorado,neurologia 67,deporte 98
Lima,Luz,1994,9036 66687 0113,ingenieria,postgrado,calculo 96,microeconomia 17,deporte 71,biologia 43,razonamiento 31
Mejia,Lucia,2000,6639 18041 0108,humanidades,pregrado,compiladores 17,auditoria 94,deporte 82,neurologia 6,matematica 26
Mejia,Andrea,2004,9149 26691 0413,humanidades,pregrado,biologia 33,compiladores 36
Bautista,Evelyn,2020,4567 54661 0413,humanidades,doctorado,deporte 24,auditoria 28,programacion 16,macroeconomia 51
Morales,Kevin,2002,6715 44085 0108,ingenieria,doctorado,macroeconomia 82,calculo 1,microeconomia 74,compiladores 74,matematica 36
Mejia,Lucia,1996,9283 82705 0101,economia,pregrado,biologia 50,calculo 64,programacion 19,matematica 71
Bautista,Sebastian,2007,1108 73791 0113,salud,postgrado,macroeconomia 13
Perez,Luz,2005,5994 18270 0101,salud,pregrado,programacion 71,matematica 58
Perez,Andrea,2014,9938 77778 0413,salud,pregrado,energia 43,macroeconomia 27,auditoria 4,razonamiento 41
Lima,Evelyn,2012,5587 52673 0102,humanidades,postgrado,matematica 2,razonamiento 97,deporte 18,programacion 40
Lima,Luz,2004,5325 39821 0108,economia,pregrado,biologia 74
Mejia,Sebastian,2018,7905 90782 0413,ingenieria,postgrado,microeconomia 2,calculo 14,deporte 99,compiladores 96,macroeconomia 18
Lopez,Luz,2003,8840 73212 0102,ambientales,doctorado,matematica 74,macroeconomia 36
Mejia,Evelyn,2018,8272 30215 0113,humanidades,postgrado,microeconomia 21
Barillas,Alejandro,2005,8539 41651 0113,salud,postgrado,matematica 38,calculo 93,biologia 31,energia 95,compiladores 12
Barillas,Daniel,2000,1320 27597 0413,ambientales,pregrado,neurologia 24,calculo 62,programacion 31
Vasquez,Evelyn,1999,5779 46629 0102,humanidades,pregrado,auditoria 44,microeconomia 54
Lima,Kevin,2021,8319 98718 0113,ingenieria,postgrado,programacion 79,energia 2
Lopez,Kevin,2005,4527 15431 0108,humanidades,postgrado,razonamiento 5,energia 96
Mejia,Luz,2018,9530 38815 0113,ambientales,pregrado,compiladores 90,auditoria 68,matematica 39
Vasquez,Andrea,1994,6934 47535 0108,salud,doctorado,microeconomia 67,calculo 59,programacion 50,razonamiento 22,neurologia 70
Vasquez,Sebastian,2005,7996 32071 0101,ingenieria,postgrado,neurologia 36,compiladores 55
Morales,Evelyn,2008,5843 92201 0102,economia,postgrado,compiladores 20,deporte 60,biologia 76,neurologia 54
Barrios,Lucia,2010,6534 86987 0113,ingenieria,doctorado,programacion 22,deporte 61,energia 77
Vasquez,Manuel,2017,1402 96566 0108,ambientales,doctorado,razonamiento 25,compiladores 68,biologia 77,microeconomia 55,neurologia 88
Morales,Manuel,2009,3954 30328 0102,salud,postgrado,razonamiento 100,compiladores 40,energia 84,programacion 11,biologia 15
Mejia,Lucia,2009,8558 32091 0413,ingenieria,doctorado,matematica 1,microeconomia 66,neurologia 4,deporte 47
Ruiz,Andrea,2016,5326 86397 0113,economia,postgrado,microeconomia 74,calculo 97,compiladores 67
Leon,Kevin,2005,9338 63516 0108,ambientales,doctorado,macroeconomia 31,programacion 74,calculo 28
Ruiz,Andrea,1995,1290 82415 0102,ingenieria,doctorado,energia 96,biologia 62,deporte 87,razonamiento 1,programacion 44
Morales,Evelyn,2000,5004 29421 0413,economia,doctorado,microeconomia 47,matematica 3,compiladores 59
Morales,Daniel,1995,6788 68174 0102,salud,pregrado,macroeconomia 70,programacion 66,neurologia 88
Mejia,Evelyn,2009,2619 14261 0101,humanidades,postgrado,matematica 49
Perez,Kevin,1999,7517 67051 0108,ambientales,postgrado,deporte 86,programacion 51,neurologia 64,compiladores 76
Perez,Evelyn,2016,4359 94584 0101,salud,postgrado,microeconomia 26,razonamiento 14,compiladores 99,biologia 12
Barrios,Manuel,2000,7020 93653 0102,ambientales,doctorado,energia 57,biologia 17,macroeconomia 77,calculo 71,compiladores 12
Ruiz,Andrea,2011,6640 93363 0102,ambientales,doctorado,energia 40,neurologia 36,razonamiento 23
Ruiz,Evelyn,1999,2507 83650 0413,economia,pregrado,razonamiento 59,biologia 27,calculo 45
Bautista,Lucia,2019,8699 11592 0108,ingenieria,postgrado,compiladores 91,auditoria 98
Mejia,Kevin,1998,3130 47244 0101,ingenieria,pregrado,matematica 20,compiladores 32,macroeconomia 94,deporte 57,neurologia 12
Barillas,Lucia,1998,2925 99861 0102,humanidades,doctorado,compiladores 72,auditoria 21
Lopez,Sebastian,2012,2641 84459 0413,ambientales,pregrado,microeconomia 12
Vasquez,Luz,1995,1716 28100 0108,ingenieria,doctorado,programacion 12,calculo 58,deporte 76,neurologia 14
Ruiz,Manuel,2011,8123 50272 0113,ingenieria,doctorado,biologia 35,neurologia 96,razonamiento 36
Lima,Alejandro,2007,8893 71151 0102,humanidades,postgrado,biologia 13,matematica 40,deporte 1,programacion 43
Lima,Sebastian,1996,9176 22404 0102,ingenieria,pregrado,compiladores 7,microeconomia 88,neurologia 57,energia 49
Barrios,Daniel,2010,1411 34532 0413,humanidades,pregrado,calculo 33,microeconomia 19,auditoria 41
Barillas,Andrea,2012,3198 55427 0108,humanidades,pregrado,programacion 50,biologia 8,microeconomia 16,deporte 67,calculo 18
Morales,Lucia,2017,5289 75175 0413,economia,postgrado,calculo 78,matematica 13,programacion 66
Morales,Ana,2009,2144 77077 0413,ambientales,doctorado,compiladores 5,macroeconomia 75,razonamiento 6
Bautista,Daniel,2015,3794 21895 0108,ambientales,doctorado,neurologia 30,deporte 26,microeconomia 40
Vasquez,Kevin,1997,9501 10599 0108,ambientales,pregrado,calculo 91,neurologia 62,deporte 1,auditoria 72,biologia 75
Lima,Sebastian,2009,6861 93951 0108,salud,doctorado,calculo 94,deporte 35,razonamiento 47
Leon,Sebastian,2000,6473 25880 0413,humanidades,doctorado,microeconomia 58,razonamiento 23,macroeconomia 12,neurologia 69
Mejia,Luz,1996,2031 36598 0108,humanidades,postgrado,razonamiento 79,programacion 50,microeconomia 87,biologia 42,macroeconomia 22
Mejia,Andrea,2009,6563 50516 0102,salud,postgrado,deporte 92,microeconomia 13
Morales,Alejandro,2001,3479 24802 0113,humanidades,postgrado,deporte 63,neurologia 56,programacion 49,biologia 66,microeconomia 29
Perez,Andrea,2008,8684 60798 0102,ingenieria,pregrado,microeconomia 81,auditoria 86,macroeconomia 51
Ruiz,Andrea,2008,2868 14773 0102,humanidades,postgrado,biologia 7,deporte 87,programacion 85,razonamiento 68
Morales,Luz,2021,6628 73007 0413,salud,postgrado,calculo 4
Lima,Andrea,2004,5055 22860 0102,ambientales,doctorado,macroeconomia 15,razonamiento 78,energia 69
Bautista,Andrea,2012,6460 71693 0102,humanidades,doctorado,compiladores 99,microeconomia 25
Vasquez,Daniel,2018,8543 42699 0108,salud,doctorado,biologia 26,razonamiento 89,compiladores 53
Barrios,Evelyn,2006,6852 83041 0413,economia,doctorado,razonamiento 51,auditoria 100
Mejia,Kevin,1994,9530 58606 0101,ingenieria,pregrado,auditoria 69,macroeconomia 45
Mejia,Sebastian,2010,1226 24339 0413,economia,doctorado,auditoria 27
Ruiz,Evelyn,2015,3065 87306 0113,humanidades,pregrado,razonamiento 63,neurologia 60
Barrios,Alejandro,2012,8726 53312 0113,humanidades,postgrado,auditoria 67,biologia 34,matematica 91
Vasquez,Luz,2014,6288 92739 0108,economia,doctorado,microeconomia 78,compiladores 95
Barillas,Kevin,2003,7658 82042 0413,humanidades,postgrado,calculo 21,energia 86,compiladores 74,programacion 11
Lopez,Sebastian,2017,9776 24389 0108,ingenieria,doctorado,auditoria 66,matematica 57,macroeconomia 39
Ruiz,Sebastian,2003,8745 42705 0101,salud,pregrado,energia 53,matematica 97,macroeconomia 39,calculo 34,compiladores 2
Ruiz,Alejandro,2019,5787 53044 0113,ambientales,postgrado,razonamiento 13,compiladores 65,neurologia 47,macroeconomia 52,calculo 19
Leon,Kevin,2008,1934 26799 0113,economia,pregrado,biologia 84,auditoria 65,razonamiento 55,microeconomia 94
Lima,Daniel,2020,2929 14860 0413,ambientales,postgrado,neurologia 29
Barillas,Kevin,2000,2632 63781 0108,humanidades,doctorado,compiladores 67,calculo 82,microeconomia 88
Lima,Sebastian,2012,4086 44566 0413,humanidades,doctorado,auditoria 35,matematica 79
Barillas,Daniel,2002,5731 85879 0113,salud,postgrado,compiladores 6,calculo 61,neurologia 38,energia 77,matematica 21
Perez,Kevin,2014,1157 89450 0108,ingenieria,postgrado,matematica 73,energia 45,microeconomia 45,neurologia 36
Barrios,Daniel,2011,4672 40958 0413,salud,doctorado,calculo 96,energia 66,auditoria 77,matematica 20,macroeconomia 17
Vasquez,Evelyn,2016,2303 68715 0413,economia,pregrado,programacion 92
Ruiz,Kevin,2020,5590 45565 0413,ambientales,postgrado,macroeconomia 61,microeconomia 4
Mejia,Daniel,1996,6708 23718 0413,ambientales,postgrado,calculo 21,compiladores 13,biologia 76,energia 9,microeconomia 30
Bautista,Andrea,2016,6307 82633 0413,ambientales,postgrado,macroeconomia 79,deporte 61,razonamiento 71,matematica 15
Lima,Luz,2021,9577 63848 0102,salud,doctorado,deporte 36,razonamiento 26,compiladores 27
Lopez,Evelyn,2005,3125 42320 0102,ambientales,pregrado,auditoria 25
Lima,Alejandro,2012,3353 64032 0113,ambientales,postgrado,razonamiento 86,neurologia 50,microeconomia 10,auditoria 23
Mejia,Kevin,2010,1419 44733 0413,salud,doctorado,calculo 3
Mejia,Daniel,2002,2841 98067 0101,humanidades,pregrado,energia 98
Lopez,Kevin,2012,7256 59516 0108,salud,postgrado,razonamiento 82,energia 28,macroeconomia 45,microeconomia 1
Barrios,Lucia,2006,4449 98084 0101,ingenieria,doctorado,programacion 62,neurologia 97,compiladores 22
Leon,Manuel,2011,8543 71500 0413,humanidades,postgrado,calculo 21,microeconomia 90,neurologia 57,biologia 96
Leon,Luz,2004,7012 31128 0101,ambientales,postgrado,microeconomia 25
Barillas,Lucia,1999,7721 64813 0413,ingenieria,doctorado,programacion 52
Lima,Andrea,2014,3856 40725 0413,ingenieria,postgrado,programacion 28
Vasquez,Lucia,2016,6959 12503 0102,ambientales,doctorado,calculo 13
Barillas,Alejandro,2005,9051 70106 0102,ambientales,doctorado,auditoria 7
Mejia,Andrea,2014,2069 45588 0413,salud,postgrado,compiladores 12,deporte 41,energia 43,neurologia 92,biologia 97
Lopez,Andrea,2008,2031 51248 0113,economia,pregrado,compiladores 48,auditoria 38,deporte 76
Vasquez,Alejandro,2019,9977 21827 0113,humanidades,doctorado,razonamiento 85,neurologia 82,matematica 40,microeconomia 32
Lopez,Andrea,1995,4723 47073 0102,salud,postgrado,programacion 29,neurologia 65,compiladores 28
Morales,Luz,2000,2880 97250 0113,ingenieria,postgrado,deporte 95,auditoria 69,microeconomia 34,energia 83
Mejia,Evelyn,2002,9746 83735 0113,humanidades,doctorado,auditoria 95,macroeconomia 9,matematica 32
Barrios,Sebastian,2001,6698 96538 0108,humanidades,pregrado,neurologia 7,calculo 53,programacion 46,macroeconomia 75
Perez,Ana,2021,9987 84916 0102,salud,postgrado,biologia 3,auditoria 10,matematica 87
Barrios,Andrea,2009,7328 27435 0102,ambientales,pregrado,deporte 80,macroeconomia 83
Leon,Alejandro,2004,7484 17566 0413,humanidades,pregrado,compiladores 99,energia 2,auditoria 82,biologia 80,calculo 13
Leon,Andrea,2021,7028 57094 0108,ingenieria,pregrado,neurologia 91,programacion 83,compiladores 15
Bautista,Luz,2003,2695 29941 0101,ingenieria,postgrado,biologia 7
Perez,Lucia,1997,2389 69650 0101,humanidades,doctorado,programacion 92,biologia 97,calculo 23,matematica 80
Vasquez,Luz,2010,9584 12081 0101,ingenieria,doctorado,biologia 83,energia 40,auditoria 1
Perez,Sebastian,2012,5686 71392 0108,economia,doctorado,programacion 75,razonamiento 86
Barillas,Andrea,2008,3559 11030 0413,salud,doctorado,macroeconomia 25,biologia 98,matematica 20
Mejia,Luz,2014,4772 12937 0101,economia,pregrado,razonamiento 3
Mejia,Sebastian,2021,9552 42644 0101,salud,doctorado,biologia 91,compiladores 25,deporte 11
Barrios,Evelyn,2018,5862 78935 0102,humanidades,postgrado,calculo 23,microeconomia 52,deporte 34,auditoria 3,macroeconomia 29
Barillas,Andrea,2003,2417 21700 0101,humanidades,postgrado,compiladores 41,razonamiento 62
Bautista,Alejandro,2007,6771 87293 0108,ambientales,pregrado,programacion 21,auditoria 20,energia 45,neurologia 83,microeconomia 96
Vasquez,Kevin,2011,9812 15286 0108,humanidades,postgrado,microeconomia 22,programacion 7,biologia 33,compiladores 3
Leon,Manuel,2000,9597 67982 0102,salud,pregrado,microeconomia 63,matematica 56,deporte 64
Perez,Sebastian,2021,2931 14995 0413,humanidades,postgrado,calculo 80,programacion 12,compiladores 51,deporte 15
Lopez,Evelyn,2017,6796 91758 0113,ambientales,pregrado,macroeconomia 69
Barrios,Kevin,1998,2531 89508 0101,ambientales,pregrado,microeconomia 81,macroeconomia 14,deporte 4,biologia 46,neurologia 9
Vasquez,Alejandro,1996,6827 25017 0108,ingenieria,postgrado,programacion 82,biologia 70
Leon,Ana,1997,5386 82314 0113,economia,doctorado,energia 52,neurologia 84,matematica 80,microeconomia 100
Lopez,Sebastian,2002,3198 28629 0101,salud,pregrado,matematica 60
Morales,Andrea,2000,3052 10645 0102,economia,pregrado,energia 81,matematica 46
Lopez,Andrea,2006,8730 16099 0108,humanidades,pregrado,energia 22,auditoria 8,razonamiento 42
Vasquez,Lucia,1999,4343 25158 0102,ambientales,doctorado,programacion 59,neurologia 66,auditoria 7,macroeconomia 8
Morales,Evelyn,2010,3017 16863 0101,ambientales,pregrado,razonamiento 4
Leon,Kevin,1998,9375 99011 0413,economia,postgrado,neurologia 37
Leon,Daniel,2003,9583 10672 0101,salud,pregrado,razonamiento 59,energia 89,compiladores 69
Leon,Manuel,1999,8055 33662 0102,ambientales,doctorado,microeconomia 29,programacion 84,biologia 2,neurologia 80
Vasquez,Alejandro,2015,3364 35370 0113,ambientales,doctorado,calculo 18,macroeconomia 76,neurologia 90,programacion 26,matematica 55
Perez,Manuel,1994,2886 45583 0102,ingenieria,pregrado,compiladores 24,biologia 57,calculo 18,razonamiento 77,programacion 92
Lopez,Evelyn,2012,3328 68742 0108,economia,pregrado,calculo 93
Lopez,Luz,1998,4430 42815 0413,ingenieria,postgrado,programacion 98,microeconomia 63
Mejia,Evelyn,2018,9759 98505 0108,ingenieria,doctorado,matematica 96,razonamiento 21,microeconomia 95,calculo 67
Barillas,Lucia,1998,3123 42635 0113,humanidades,pregrado,compiladores 66,biologia 33,razonamiento 37
Vasquez,Sebastian,2001,7911 27522 0413,salud,postgrado,matematica 72
Morales,Alejandro,2000,5165 32103 0101,humanidades,pregrado,biologia 94,neurologia 74,programacion 44,compiladores 48
Lopez,Lucia,2004,8694 44072 0113,ingenieria,pregrado,neurologia 12,biologia 59,energia 15,razonamiento 61,compiladores 18
Ruiz,Ana,1995,5642 32072 0413,ambientales,doctorado,matematica 86,programacion 91
Leon,Alejandro,2009,1187 44955 0101,economia,doctorado,matematica 25
Bautista,Daniel,2004,1661 59923 0108,ambientales,doctorado,programacion 6,microeconomia 40,biologia 67,deporte 12
Mejia,Manuel,1995,3588 18959 0102,humanidades,postgrado,energia 68,biologia 81,neurologia 87,deporte 20,calculo 75
Morales,Luz,1997,7884 39271 0101,ambientales,doctorado,neurologia 88,deporte 57,razonamiento 37,compiladores 98,calculo 98
Ruiz,Daniel,2008,3570 72108 0108,ingenieria,doctorado,compiladores 36,matematica 46,energia 64,macroeconomia 72
Vasquez,Sebastian,1996,1280 27097 0101,ingenieria,postgrado,matematica 54,energia 53,deporte 11,calculo 25,macroeconomia 73
Barillas,Luz,2000,1416 92274 0101,ingenieria,pregrado,razonamiento 79
Barillas,Manuel,2014,9993 40495 0102,humanidades,postgrado,biologia 99,microeconomia 7
Vasquez,Lucia,2016,2347 87329 0102,salud,postgrado,calculo 51,energia 71,razonamiento 44,matematica 35
Lopez,Luz,1996,4469 76519 0108,ingenieria,pregrado,energia 36
Bautista,Lucia,2008,7028 41501 0102,humanidades,postgrado,deporte 59,microeconomia 96,matematica 33,calculo 65
Barillas,Andrea,2018,2677 45542 0113,salud,pregrado,macroeconomia 91,biologia 70,programacion 91,microeconomia 82,calculo 42
Lopez,Luz,2000,4960 91669 0101,ingenieria,pregrado,energia 65,microeconomia 50,neurologia 70,macroeconomia 55,programacion 68
Leon,Manuel,2012,8153 67800 0102,humanidades,postgrado,compiladores 21,calculo 12
Lopez,Manuel,2006,2815 56844 0413,ingenieria,postgrado,neurologia 54
Barillas,Evelyn,2003,9581 81294 0108,ingenieria,doctorado,macroeconomia 8,biologia 40,razonamiento 10,energia 59,matematica 77
Morales,Ana,2012,2765 34995 0108,salud,doctorado,biologia 47,deporte 48,auditoria 82,macroeconomia 59,energia 95
Barrios,Kevin,2016,5763 42284 0101,economia,pregrado,microeconomia 69,calculo 54,auditoria 59,deporte 95
Mejia,Sebastian,1997,2640 92857 0101,humanidades,pregrado,auditoria 84,microeconomia 86
Lima,Sebastian,2008,6283 92838 0108,humanidades,doctorado,calculo 59
Bautista,Luz,2001,6444 74310 0413,salud,doctorado,microeconomia 52,energia 97,auditoria 96
Lopez,Daniel,1997,6002 26974 0108,ingenieria,doctorado,compiladores 7,calculo 27,neurologia 28
Mejia,Luz,2002,6433 69654 0101,salud,postgrado,razonamiento 80,programacion 92,auditoria 77,neurologia 35,deporte 11
Lima,Luz,2005,9427 77081 0102,ambientales,postgrado,macroeconomia 39,calculo 73,microeconomia 24,energia 95,razonamiento 85
Mejia,Manuel,2010,9557 14432 0108,ambientales,postgrado,razonamiento 23
Barrios,Alejandro,2010,2479 28526 0413,ingenieria,pregrado,programacion 17
Barillas,Sebastian,2010,3004 87674 0101,salud,doctorado,macroeconomia 30,deporte 7
Perez,Lucia,2000,3893 30969 0108,ingenieria,doctorado,neurologia 5,compiladores 21,razonamiento 6,deporte 51,biologia 66
Morales,Kevin,1996,4757 53419 0102,humanidades,postgrado,razonamiento 97,deporte 16,macroeconomia 19,matematica 7
Perez,Kevin,2009,2745 42550 0108,ingenieria,postgrado,auditoria 19
Leon,Luz,1996,4996 90960 0102,humanidades,postgrado,compiladores 4
Leon,Daniel,1996,8505 40931 0108,ingenieria,postgrado,matematica 29,compiladores 89,programacion 67
Perez,Alejandro,2018,1136 63739 0113,ingenieria,pregrado,neurologia 38,microeconomia 31,macroeconomia 35,razonamiento 55,matematica 66
Vasquez,Andrea,1997,6567 87551 0101,ambientales,doctorado,programacion 87,macroeconomia 16,biologia 32,compiladores 82
Lopez,Ana,1998,7307 76562 0113,ambientales,postgrado,matematica 3,compiladores 70,energia 3,razonamiento 38,neurologia 47
Ruiz,Manuel,2001,8179 65135 0413,humanidades,postgrado,compiladores 12,matematica 73
Ruiz,Ana,2004,1179 45379 0102,salud,doctorado,calculo 82,deporte 59,biologia 5,razonamiento 16
Perez,Evelyn,1995,6576 71429 0413,ambientales,doctorado,neurologia 72,compiladores 59,calculo 26,deporte 59,auditoria 82
Lima,Andrea,2014,8182 23198 0102,ingenieria,postgrado,deporte 16,programacion 53
Vasquez,Ana,2009,4913 50655 0113,humanidades,postgrado,compiladores 34
Barrios,Evelyn,1994,5321 95400 0102,ambientales,doctorado,auditoria 34,deporte 89
Lopez,Lucia,2001,7749 88400 0102,economia,doctorado,compiladores 69,razonamiento 24,deporte 77,macroeconomia 13,biologia 97
Perez,Sebastian,2001,9780 31889 0113,ambientales,postgrado,razonamiento 39,neurologia 93,programacion 85
Morales,Kevin,2007,1279 91894 0413,ambientales,doctorado,programacion 70,auditoria 29,neurologia 30,calculo 55,matematica 90
Leon,Andrea,2007,1776 72304 0101,economia,pregrado,energia 29,neurologia 35
Vasquez,Manuel,2000,3204 31843 0413,salud,doctorado,auditoria 46
Morales,Sebastian,2010,8518 78681 0413,salud,doctorado,matematica 41,deporte 21
Bautista,Evelyn,1994,2881 60772 0113,salud,doctorado,auditoria 67,calculo 45,biologia 55
Barillas,Sebastian,1996,1604 25170 0113,salud,postgrado,macroeconomia 67,compiladores 37,deporte 36,auditoria 39,microeconomia 46
Barrios,Daniel,2005,5015 57764 0108,humanidades,doctorado,biologia 18,energia 5,razonamiento 88
Mejia,Andrea,2016,1923 44181 0413,economia,postgrado,deporte 17,razonamiento 34
Ruiz,Ana,1997,6779 28819 0413,ambientales,pregrado,macroeconomia 92,calculo 8,deporte 83
Lima,Evelyn,2020,1834 23094 0413,humanidades,postgrado,matematica 61,auditoria 14,energia 79
Ruiz,Manuel,2015,3737 24998 0113,humanidades,pregrado,auditoria 15,razonamiento 65,macroeconomia 42
Leon,Kevin,2021,1062 64285 0101,economia,pregrado,auditoria 100,programacion 14,microeconomia 50
Barillas,Sebastian,2002,2925 85828 0108,ambientales,postgrado,compiladores 99,energia 92
Lima,Lucia,1998,4046 18964 0102,economia,postgrado,neurologia 34,macroeconomia 69,calculo 7,razonamiento 56
Lima,Evelyn,2012,6666 52065 0113,ambientales,postgrado,microeconomia 80,compiladores 42
Vasquez,Kevin,2007,5610 22227 0101,ingenieria,postgrado,calculo 94,energia 44,biologia 38,razonamiento 54,macroeconomia 44
Leon,Evelyn,2008,7685 44677 0102,ambientales,postgrado,deporte 93,compiladores 49,matematica 44
Perez,Daniel,2002,9017 48374 0108,humanidades,doctorado,programacion 82,macroeconomia 100,microeconomia 84,neurologia 58
Barrios,Sebastian,2003,2208 58302 0101,ingenieria,doctorado,razonamiento 85,compiladores 34
Ruiz,Luz,1999,9939 24996 0113,ambientales,pregrado,deporte 1,programacion 46,microeconomia 80
Lopez,Luz,2013,7789 49820 0102,ambientales,doctorado,razonamiento 17,matematica 43,programacion 38
Leon,Evelyn,2010,4598 82409 0102,ambientales,pregrado,auditoria 35,compiladores 50,microeconomia 73,deporte 55
Morales,Andrea,1998,1761 82165 0113,humanidades,pregrado,microeconomia 1,deporte 6,macroeconomia 6
Perez,Luz,2020,6815 91613 0102,humanidades,pregrado,compiladores 28
Lopez,Daniel,1996,3913 67967 0102,humanidades,doctorado,auditoria 92,programacion 83,calculo 60,deporte 21,neurologia 42
Mejia,Ana,2006,9219 60013 0413,economia,pregrado,razonamiento 8,energia 52
Lopez,Evelyn,1996,9117 77935 0113,humanidades,postgrado,energia 24
Morales,Kevin,2009,5204 81671 0108,ambientales,postgrado,programacion 19,macroeconomia 84,calculo 35
Barrios,Andrea,2005,9636 61402 0101,economia,doctorado,macroeconomia 78,matematica 11,compiladores 76
Leon,Manuel,2002,1100 43817 0108,salud,doctorado,auditoria 100,microeconomia 34,neurologia 35,razonamiento 89
Lopez,Alejandro,2013,1189 53943 0101,ambientales,doctorado,calculo 4
Barrios,Ana,2012,7369 71932 0113,salud,doctorado,macroeconomia 20
Barillas,Evelyn,2006,9084 37649 0113,humanidades,postgrado,energia 7,compiladores 84,calculo 24,biologia 57,microeconomia 96
Morales,Ana,1997,4402 24013 0102,economia,pregrado,razonamiento 37,programacion 14,compiladores 40,deporte 35
Lopez,Evelyn,2007,1476 82639 0113,salud,doctorado,razonamiento 19,energia 32,compiladores 30,auditoria 51,macroeconomia 96
Vasquez,Kevin,2000,4037 13282 0102,salud,pregrado,energia 37,microeconomia 87,razonamiento 6,calculo 50,auditoria 90
Perez,Lucia,2000,7048 17201 0101,salud,doctorado,calculo 76,deporte 9
Vasquez,Luz,2016,6199 78535 0413,economia,doctorado,calculo 46,compiladores 35
Mejia,Alejandro,2002,8367 46332 0102,salud,doctorado,calculo 71,energia 93,razonamiento 8
Morales,Ana,2018,2090 61275 0102,humanidades,pregrado,compiladores 1,biologia 35,programacion 5,razonamiento 28,matematica 92
Leon,Andrea,2012,8688 77977 0102,ingenieria,pregrado,macroeconomia 19
Bautista,Ana,2013,1610 70289 0102,economia,pregrado,auditoria 10
Lopez,Ana,2011,9418 13659 0101,ambientales,postgrado,neurologia 12,matematica 2
Leon,Manuel,2018,7203 96446 0113,salud,doctorado,energia 84
Leon,Sebastian,2007,7343 65096 0102,ambientales,doctorado,microeconomia 92,programacion 87
Barillas,Evelyn,2001,2040 78242 0108,humanidades,pregrado,biologia 22,macroeconomia 37,razonamiento 81,matematica 5,auditoria 86
Morales,Evelyn,2003,1330 95720 0113,salud,doctorado,macroeconomia 100,biologia 13
Mejia,Lucia,1996,2315 53911 0413,ingenieria,pregrado,calculo 14,compiladores 14,razonamiento 58,deporte 71,neurologia 26
Morales,Luz,2011,9709 25685 0113,economia,doctorado,auditoria 98,energia 83,biologia 63,deporte 43
Lima,Alejandro,2002,4875 90520 0113,salud,pregrado,biologia 51,microeconomia 66,neurologia 25,programacion 92,razonamiento 24
Leon,Andrea,2012,7262 62817 0413,ingenieria,postgrado,deporte 81,macroeconomia 36
Barrios,Evelyn,2006,2708 32522 0102,ingenieria,pregrado,razonamiento 2,energia 4
Vasquez,Lucia,2005,4845 89241 0102,ingenieria,postgrado,macroeconomia 24,auditoria 71,neurologia 89,razonamiento 94
Mejia,Lucia,2003,7030 61422 0108,ambientales,pregrado,razonamiento 79,programacion 92,calculo 74
Perez,Sebastian,2016,6934 82759 0101,ingenieria,pregrado,programacion 21,macroeconomia 4
Mejia,Kevin,2006,2596 37905 0413,economia,doctorado,energia 5,calculo 69,compiladores 10,deporte 22,auditoria 51
Perez,Alejandro,2019,7709 71095 0113,economia,postgrado,auditoria 12,microeconomia 5,macroeconomia 57
Barillas,Daniel,2004,1914 11711 0108,salud,doctorado,programacion 31,auditoria 88,calculo 51,matematica 14
Barrios,Kevin,2002,3673 55114 0102,salud,postgrado,auditoria 64,compiladores 49,biologia 5,neurologia 22,matematica 26
Vasquez,Sebastian,2006,2443 89962 0113,ingenieria,postgrado,programacion 44,razonamiento 50,macroeconomia 44,compiladores 95
Bautista,Kevin,2001,3780 96733 0413,humanidades,postgrado,programacion 90,microeconomia 69
Barrios,Evelyn,2017,4161 23094 0113,ingenieria,pregrado,biologia 93,programacion 53,matematica 54
Morales,Manuel,2021,1675 47693 0101,economia,postgrado,calculo 26,auditoria 40,compiladores 20
Morales,Kevin,2021,9898 71920 0113,economia,doctorado,calculo 73
Lopez,Luz,2013,5584 31692 0113,ingenieria,pregrado,auditoria 51,matematica 75,macroeconomia 55,programacion 54,calculo 41
Mejia,Manuel,2006,5609 56612 0108,humanidades,postgrado,macroeconomia 36,calculo 22,biologia 52,programacion 65,compiladores 83
Bautista,Luz,2018,1501 11948 0101,ambientales,pregrado,calculo 25
Vasquez,Manuel,2000,4352 24415 0113,ambientales,doctorado,programacion 37,razonamiento 66,microeconomia 73
Ruiz,Ana,2013,9730 97165 0108,salud,pregrado,compiladores 29,microeconomia 4,razonamiento 5
Lima,Luz,2011,3077 34810 0108,ingenieria,pregrado,matematica 63,neurologia 93,razonamiento 83
Lopez,Alejandro,2008,5232 17261 0113,economia,doctorado,compiladores 29,razonamiento 54,biologia 73,programacion 30,calculo 42
Perez,Manuel,2011,9111 32618 0108,ingenieria,postgrado,deporte 77,neurologia 77,biologia 99,microeconomia 42
Barrios,Sebastian,2014,4308 34743 0413,ingenieria,doctorado,neurologia 57,energia 70
Leon,Daniel,2005,7329 48579 0113,salud,postgrado,matematica 6
Leon,Ana,1997,8274 82673 0413,salud,postgrado,energia 46,calculo 24
Mejia,Andrea,2016,1686 47884 0102,ambientales,pregrado,auditoria 98,neurologia 11,matematica 96,energia 93,programacion 16
Barillas,Lucia,2002,6155 11035 0413,salud,pregrado,compiladores 44,neurologia 19,auditoria 85,programacion 51,deporte 87
Lima,Manuel,2008,4732 93382 0113,ingenieria,postgrado,neurologia 75,compiladores 8,macroeconomia 99,energia 74
Barillas,Alejandro,2017,2431 11490 0113,economia,postgrado,macroeconomia 77
Barillas,Alejandro,2015,8684 20697 0113,ingenieria,pregrado,macroeconomia 74,calculo 100,compiladores 57,microeconomia 30,razonamiento 47
Ruiz,Kevin,2003,5529 22002 0113,ambientales,pregrado,compiladores 9,energia 76,deporte 80,macroeconomia 99,microeconomia 15
Vasquez,Sebastian,2019,7216 72514 0108,salud,doctorado,microeconomia 20,programacion 72,auditoria 54,calculo 29,energia 47
Leon,Manuel,2019,9459 21916 0102,ambientales,doctorado,macroeconomia 87
Lima,Daniel,2013,6330 64102 0413,salud,pregrado,calculo 99,razonamiento 33,macroeconomia 41,neurologia 13,deporte 40
Barrios,Luz,2013,9099 84960 0108,salud,doctorado,macroeconomia 22,biologia 65
Bautista,Daniel,2003,1579 41301 0102,salud,doctorado,compiladores 22,biologia 51,calculo 79,energia 89,matematica 57
Barrios,Andrea,2012,8373 70176 0102,ingenieria,postgrado,matematica 43,macroeconomia 51,deporte 21,calculo 17
Leon,Daniel,2008,1557 29395 0101,ambientales,doctorado,programacion 79,matematica 6,microeconomia 53,neurologia 76,razonamiento 16
Vasquez,Alejandro,2001,7872 10216 0113,ingenieria,pregrado,deporte 19,razonamiento 39,microeconomia 80
Mejia,Alejandro,2008,9275 79661 0108,economia,postgrado,macroeconomia 27,razonamiento 88,biologia 56,neurologia 6
Vasquez,Lucia,2015,2497 86412 0101,salud,pregrado,macroeconomia 72
Morales,Lucia,2015,9432 94089 0113,ambientales,postgrado,neurologia 65,programacion 100
Barrios,Luz,2008,9899 30448 0102,ingenieria,pregrado,deporte 15
Lima,Lucia,2005,1445 58828 0101,ingenieria,postgrado,energia 58,macroeconomia 10
Lima,Sebastian,2007,8872 78926 0101,humanidades,pregrado,auditoria 24
Mejia,Kevin,2000,4874 14137 0413,salud,doctorado,auditoria 56,calculo 91
Ruiz,Alejandro,2002,2671 67932 0102,economia,postgrado,matematica 8,razonamiento 61
Lima,Luz,2010,3596 80151 0413,salud,pregrado,matematica 7,energia 89
Vasquez,Alejandro,2021,5929 13415 0113,economia,pregrado,energia 80
Mejia,Sebastian,2001,1119 81713 0108,salud,postgrado,deporte 66,neurologia 63
Mejia,Manuel,2006,2735 51941 0102,ingenieria,pregrado,neurologia 33,compiladores 75,deporte 75,energia 1
Mejia,Kevin,2017,5410 22637 0413,salud,pregrado,deporte 100,auditoria 21,microeconomia 48,energia 68
Ruiz,Andrea,2003,8794 37850 0113,ingenieria,doctorado,neurologia 82,razonamiento 42,macroeconomia 51
Barillas,Manuel,1998,9583 40128 0413,ingenieria,doctorado,compiladores 85
Lopez,Kevin,2021,8042 66262 0113,salud,pregrado,energia 92,macroeconomia 84,matematica 42,microeconomia 68,razonamiento 30
Barillas,Daniel,2007,4958 71741 0101,salud,postgrado,microeconomia 74
Lima,Luz,1994,6657 79874 0108,economia,postgrado,microeconomia 58,biologia 4,matematica 12,deporte 59,razonamiento 73
Morales,Manuel,2008,2402 13516 0413,ingenieria,postgrado,programacion 94,deporte 34,matematica 10
Barrios,Alejandro,2009,6096 82379 0102,ingenieria,doctorado,biologia 85,energia 72,macroeconomia 32,auditoria 91
Mejia,Luz,2020,9439 98434 0108,humanidades,postgrado,energia 13,programacion 30,matematica 19,biologia 74,calculo 99
Vasquez,Evelyn,2009,2766 13069 0108,ingenieria,pregrado,auditoria 20,microeconomia 26,biologia 89,calculo 85
Barillas,Daniel,1998,5710 26192 0413,humanidades,pregrado,auditoria 39
Lopez,Luz,1998,5181 91591 0108,ingenieria,doctorado,energia 15,biologia 24,macroeconomia 63,microeconomia 84
Vasquez,Luz,1996,8252 48592 0108,ingenieria,pregrado,biologia 1,deporte 2
Morales,Alejandro,2008,4299 87238 0108,ambientales,postgrado,energia 8,neurologia 30,matematica 54
Bautista,Andrea,1995,2835 61609 0413,ambientales,pregrado,programacion 21,razonamiento 77,calculo 70
Bautista,Evelyn,2019,3319 98005 0102,humanidades,doctorado,biologia 43,compiladores 12,macroeconomia 31,matematica 4
Lima,Andrea,1996,5700 16373 0102,economia,pregrado,matematica 92,microeconomia 92,energia 73
Leon,Evelyn,1996,9312 28502 0102,economia,pregrado,neurologia 10,matematica 52
Lopez,Ana,2008,8658 95614 0108,salud,doctorado,calculo 92
Mejia,Evelyn,2007,1627 31498 0113,economia,postgrado,razonamiento 24,calculo 65
Lima,Kevin,2001,6952 94116 0108,humanidades,postgrado,auditoria 49,neurologia 58,compiladores 26,calculo 50
Lopez,Evelyn,2013,6070 68004 0413,economia,doctorado,matematica 54,programacion 34,calculo 3,neurologia 21,biologia 1
Ruiz,Sebastian,2013,2210 37920 0102,salud,doctorado,biologia 80,razonamiento 24,neurologia 34,deporte 85,calculo 57
Mejia,Evelyn,2017,4029 92419 0101,ambientales,doctorado,calculo 55,razonamiento 78
Lopez,Andrea,2013,2072 40814 0113,ingenieria,pregrado,neurologia 96,microeconomia 24,auditoria 8,programacion 58
Vasquez,Evelyn,2014,6994 36636 0108,humanidades,doctorado,macroeconomia 98
Barillas,Lucia,2001,4795 62254 0101,ambientales,doctorado,biologia 59,razonamiento 67,microeconomia 68
Barillas,Kevin,2021,9376 47727 0113,economia,pregrado,calculo 30
Barillas,Luz,2003,4235 18817 0102,humanidades,postgrado,compiladores 40,biologia 37
Ruiz,Manuel,1996,2658 26354 0108,humanidades,postgrado,matematica 70,compiladores 87,neurologia 27,auditoria 88
Perez,Daniel,2008,9145 70678 0413,ambientales,pregrado,auditoria 33,macroeconomia 13
Lopez,Evelyn,2021,4440 23665 0113,ingenieria,postgrado,programacion 48,energia 83
Barrios,Evelyn,2016,2297 94103 0108,ingenieria,pregrado,programacion 31,calculo 58,deporte 5,compiladores 14
Vasquez,Evelyn,1997,4123 65577 0108,salud,postgrado,neurologia 57
Barillas,Alejandro,2021,7390 26010 0413,humanidades,doctorado,deporte 66
Bautista,Sebastian,2010,8735 48142 0102,ingenieria,postgrado,energia 65,microeconomia 45,deporte 6
Lopez,Daniel,1999,5397 84499 0102,ambientales,postgrado,razonamiento 59
Lopez,Ana,2016,5066 61289 0113,ingenieria,doctorado,energia 36,neurologia 68,programacion 3
Morales,Kevin,1996,5891 66717 0101,ambientales,pregrado,microeconomia 65,neurologia 12
Perez,Luz,2017,4564 25749 0413,ingenieria,postgrado,macroeconomia 37
Barillas,Evelyn,2016,9161 74157 0413,ambientales,postgrado,biologia 1,energia 42,macroeconomia 57,microeconomia 26,auditoria 69
Ruiz,Ana,2011,5644 88912 0113,salud,doctorado,programacion 48,auditoria 60,compiladores 53,matematica 56,deporte 52
Lima,Kevin,2019,7134 84331 0101,economia,doctorado,compiladores 34,energia 40,microeconomia 21
Barillas,Daniel,2009,8368 87308 0101,salud,doctorado,compiladores 71,matematica 77
Barrios,Manuel,2015,6466 98869 0102,economia,pregrado,programacion 48,microeconomia 56,biologia 8,macroeconomia 23
Perez,Daniel,1996,1521 95562 0102,ingenieria,pregrado,biologia 16,microeconomia 22,razonamiento 76,macroeconomia 14
Barrios,Sebastian,2020,3264 98138 0108,humanidades,postgrado,calculo 53,neurologia 53
Barillas,Daniel,2004,4442 65857 0113,economia,postgrado,calculo 29
Barillas,Alejandro,2021,9975 38682 0101,humanidades,postgrado,macroeconomia 48
Ruiz,Ana,2018,3283 60150 0113,economia,pregrado,neurologia 70,matematica 3
Vasquez,Evelyn,1996,3999 65601 0113,economia,pregrado,macroeconomia 16,deporte 83,compiladores 41,programacion 22
Barillas,Ana,2008,9012 66991 0108,economia,postgrado,calculo 88,macroeconomia 73,razonamiento 73,deporte 37,energia 15
Perez,Lucia,1995,6885 31113 0113,humanidades,pregrado,razonamiento 57,deporte 25
Lima,Kevin,2018,4227 52730 0108,ingenieria,pregrado,microeconomia 53,auditoria 45,biologia 19,deporte 26,compiladores 67
Barrios,Lucia,2016,2154 16766 0413,humanidades,doctorado,macroeconomia 29,razonamiento 30
Perez,Daniel,1996,8392 99241 0113,economia,postgrado,auditoria 84,deporte 54,macroeconomia 62
Barrios,Alejandro,2020,7775 74353 0113,ambientales,postgrado,compiladores 53,matematica 4,programacion 4,deporte 18,calculo 29
Mejia,Evelyn,2021,3797 23616 0413,salud,doctorado,programacion 30,biologia 17,deporte 98
Lima,Sebastian,1994,6728 65399 0113,economia,postgrado,microeconomia 46,matematica 30,macroeconomia 48,programacion 79
Lima,Evelyn,1995,4084 66081 0108,economia,postgrado,neurologia 54,microeconomia 87,matematica 25,calculo 3
Barrios,Alejandro,2010,7995 41389 0102,humanidades,postgrado,energia 68,programacion 15,auditoria 50,macroeconomia 24,neurologia 20
Ruiz,Andrea,2018,7557 59953 0102,economia,doctorado,programacion 28,biologia 16,microeconomia 14,matematica 17
Barrios,Lucia,2020,7865 79852 0102,economia,doctorado,neurologia 29,razonamiento 79,deporte 99,compiladores 92
Lima,Evelyn,2010,6132 18604 0108,humanidades,doctorado,biologia 6,programacion 67,matematica 27
Bautista,Lucia,1999,3457 44261 0101,economia,pregrado,compiladores 8,programacion 80,microeconomia 33,biologia 87
Mejia,Kevin,2017,4804 95875 0102,ingenieria,postgrado,energia 44,compiladores 89
Morales,Lucia,2018,7717 56825 0413,ambientales,doctorado,razonamiento 62
Barrios,Ana,2001,6942 25655 0113,ambientales,doctorado,razonamiento 66,auditoria 25,energia 33,programacion 22
Morales,Daniel,2004,9315 41786 0101,ingenieria,doctorado,programacion 98,biologia 13,neurologia 54
Lopez,Luz,2009,7804 55859 0413,economia,postgrado,programacion 15
Bautista,Evelyn,1996,3083 48635 0102,humanidades,postgrado,compiladores 87,deporte 70,energia 87,macroeconomia 62,calculo 6
Lima,Evelyn,2017,2815 57632 0102,humanidades,doctorado,microeconomia 48,calculo 85
Vasquez,Luz,2003,9172 55259 0113,economia,postgrado,energia 1
Ruiz,Lucia,1996,2176 98099 0101,ambientales,doctorado,matematica 47,programacion 72,biologia 34,compiladores 52
Ruiz,Andrea,2001,7730 25566 0102,salud,postgrado,compiladores 100
Leon,Ana,2003,5444 45945 0102,economia,doctorado,auditoria 75
Leon,Andrea,2013,8924 46504 0413,economia,pregrado,energia 72
Leon,Lucia,1999,2833 97664 0113,ingenieria,postgrado,programacion 55
Leon,Daniel,1996,7396 69143 0413,economia,postgrado,programacion 61,energia 7
Barillas,Ana,2004,8856 38528 0101,salud,pregrado,microeconomia 4,macroeconomia 49,deporte 94,razonamiento 28,neurologia 22
Morales,Andrea,1999,6810 14864 0108,economia,pregrado,energia 42,auditoria 72
Ruiz,Ana,2011,6010 39202 0101,ambientales,pregrado,calculo 100,neurologia 89
Morales,Kevin,2008,9119 76675 0413,salud,postgrado,macroeconomia 47,calculo 95,energia 51
Mejia,Manuel,2015,1296 26437 0108,economia,doctorado,matematica 3
Lopez,Alejandro,2017,2200 64667 0102,salud,pregrado,deporte 86,auditoria 5,neurologia 29,microeconomia 70,calculo 38
Lopez,Daniel,2003,9689 82624 0113,salud,postgrado,compiladores 88,razonamiento 96
Bautista,Daniel,2021,1688 24381 0413,humanidades,doctorado,microeconomia 46,matematica 53,neurologia 80
Ruiz,Andrea,1999,8977 62134 0108,humanidades,pregrado,neurologia 70,microeconomia 50
Lopez,Manuel,2000,6569 31546 0113,ingenieria,pregrado,macroeconomia 70,matematica 34,programacion 84,calculo 75,neurologia 35
Perez,Alejandro,2021,6321 76781 0413,ingenieria,pregrado,deporte 17,macroeconomia 97,auditoria 72,programacion 69,calculo 31
Ruiz,Kevin,2005,5557 32756 0113,ingenieria,postgrado,deporte 14,razonamiento 3,compiladores 27,programacion 4
Barillas,Manuel,1995,4109 62518 0101,ambientales,doctorado,biologia 8,calculo 14,compiladores 18
Barrios,Kevin,1996,6748 96441 0113,ingenieria,pregrado,calculo 77,deporte 87,biologia 34,matematica 26,programacion 18
Vasquez,Lucia,2013,4299 80232 0113,economia,pregrado,macroeconomia 14,deporte 97,matematica 72,compiladores 67,energia 7
Ruiz,Ana,2003,9881 80079 0101,ambientales,doctorado,microeconomia 98,neurologia 84,macroeconomia 38,auditoria 85,deporte 75
Vasquez,Evelyn,2016,1319 55943 0102,humanidades,doctorado,macroeconomia 15,energia 99,razonamiento 39
Perez,Daniel,2002,9666 86145 0113,economia,postgrado,microeconomia 36
Mejia,Kevin,2015,3745 52796 0101,ambientales,postgrado,matematica 43,macroeconomia 35,biologia 57,deporte 60,razonamiento 68
Mejia,Andrea,2003,5563 62851 0102,economia,postgrado,macroeconomia 20,neurologia 27
Barrios,Alejandro,1999,6923 91948 0102,economia,postgrado,programacion 6,macroeconomia 18,auditoria 12
Leon,Alejandro,2007,9923 30701 0101,economia,doctorado,macroeconomia 19,biologia 92,calculo 66
Ruiz,Kevin,1996,3687 12996 0108,ingenieria,postgrado,matematica 79,calculo 94,microeconomia 24,neurologia 46
Vasquez,Andrea,2005,7449 84227 0108,salud,doctorado,deporte 83,programacion 64,macroeconomia 92,microeconomia 97
Lopez,Daniel,2015,7140 29918 0108,ingenieria,doctorado,energia 91,macroeconomia 19,microeconomia 40
Vasquez,Lucia,1998,6432 71955 0101,ambientales,pregrado,neurologia 44,macroeconomia 88,matematica 9,energia 66
Ruiz,Kevin,2013,9891 54442 0102,salud,postgrado,compiladores 2,microeconomia 60,programacion 13,biologia 37,macroeconomia 12
Mejia,Alejandro,2020,9648 70994 0108,ingenieria,pregrado,macroeconomia 54,calculo 6,neurologia 82,biologia 90
Barillas,Ana,2005,9531 67852 0113,ingenieria,doctorado,programacion 63,macroeconomia 66,energia 27,deporte 90
Mejia,Evelyn,2014,8394 95463 0108,ingenieria,doctorado,biologia 79,neurologia 75
Mejia,Sebastian,2015,9153 22207 0113,humanidades,pregrado,biologia 61,razonamiento 94
Perez,Andrea,2005,7852 38992 0413,ambientales,pregrado,biologia 33
Lima,Manuel,2017,7417 44162 0108,economia,postgrado,matematica 1
Bautista,Andrea,1998,3075 59612 0413,ingenieria,doctorado,neurologia 74,calculo 55,energia 100,compiladores 67,deporte 71
Barillas,Ana,2013,2542 55884 0102,ambientales,pregrado,auditoria 79,energia 72,calculo 66
Lima,Ana,2021,7351 66867 0101,salud,doctorado,matematica 9,programacion 77,biologia 11
Barrios,Luz,2001,7500 57434 0413,economia,pregrado,programacion 10
Leon,Evelyn,2008,8010 13785 0101,humanidades,postgrado,razonamiento 84,matematica 31,macroeconomia 88,biologia 88,microeconomia 72
Morales,Luz,1994,6285 96435 0413,humanidades,pregrado,energia 92,matematica 16,macroeconomia 20,microeconomia 23,razonamiento 13
Ruiz,Lucia,2007,2606 51485 0413,economia,pregrado,compiladores 44,deporte 91,auditoria 93,biologia 5
Perez,Evelyn,2009,8217 32594 0413,salud,postgrado,microeconomia 34,energia 87,programacion 93,matematica 34
Lopez,Sebastian,2003,7954 71379 0413,ambientales,doctorado,microeconomia 57
Lima,Manuel,2013,1039 23016 0108,humanidades,pregrado,microeconomia 76,compiladores 83,auditoria 41
Lopez,Daniel,2006,3878 77937 0113,ambientales,postgrado,matematica 51,calculo 92,neurologia 67
Ruiz,Sebastian,2001,8788 35053 0113,ingenieria,postgrado,auditoria 98,neurologia 99,programacion 16
Leon,Evelyn,2003,9698 68792 0102,humanidades,doctorado,razonamiento 13,matematica 97,deporte 24,programacion 19
Morales,Andrea,2005,8001 60246 0108,humanidades,postgrado,matematica 52
Ruiz,Alejandro,2017,8056 27029 0113,ambientales,postgrado,energia 14,programacion 53,compiladores 58,auditoria 26
Mejia,Sebastian,1998,8289 38289 0413,ingenieria,doctorado,calculo 30,energia 31,deporte 53,auditoria 59
Leon,Ana,2012,1834 37730 0102,economia,doctorado,razonamiento 69,calculo 24,auditoria 5
Ruiz,Andrea,2007,4672 68473 0108,ingenieria,doctorado,biologia 70,neurologia 28,calculo 58,razonamiento 85
Morales,Ana,2013,2295 94267 0101,economia,doctorado,energia 33
Vasquez,Sebastian,1997,2877 90806 0413,ambientales,pregrado,compiladores 55
Ruiz,Evelyn,2006,6001 56189 0113,salud,pregrado,biologia 93,deporte 29,calculo 11
Leon,Evelyn,2014,7074 15291 0413,humanidades,postgrado,razonamiento 5,deporte 34
Morales,Kevin,1994,9138 12021 0413,economia,pregrado,deporte 42,biologia 20,programacion 41
Ruiz,Alejandro,2005,4785 86996 0413,ingenieria,doctorado,auditoria 87,deporte 49,neurologia 70,razonamiento 18,programacion 21
Lima,Evelyn,2017,6754 58846 0108,humanidades,doctorado,matematica 29
Morales,Alejandro,1999,7272 47156 0102,humanidades,doctorado,compiladores 9,razonamiento 46,microeconomia 36
Ruiz,Manuel,2011,5997 21096 0108,salud,pregrado,deporte 35,programacion 79
Barillas,Kevin,2004,9819 41561 0102,ambientales,pregrado,programacion 16,biologia 46,microeconomia 32,compiladores 41,macroeconomia 15
Barrios,Sebastian,2015,3939 68596 0101,ingenieria,postgrado,deporte 73
Mejia,Ana,1994,6954 73898 0113,salud,doctorado,biologia 57,energia 92
Morales,Daniel,2016,4350 84242 0102,ambientales,doctorado,energia 48,deporte 6,macroeconomia 63,compiladores 57,programacion 35
Bautista,Kevin,2000,9478 15278 0413,ingenieria,pregrado,biologia 22,calculo 13,macroeconomia 37,energia 65,microeconomia 65
Lopez,Alejandro,2010,8045 25764 0101,salud,postgrado,razonamiento 69,neurologia 57
Mejia,Manuel,1994,7157 10557 0101,ambientales,postgrado,programacion 2,compiladores 47,deporte 68,auditoria 13
Bautista,Ana,2017,6672 53419 0102,ingenieria,doctorado,razonamiento 55,biologia 42
Ruiz,Kevin,2001,1376 33872 0113,economia,pregrado,calculo 63,matematica 57,deporte 48,biologia 1,programacion 27
Barrios,Kevin,1994,4630 72465 0413,economia,postgrado,razonamiento 68
Barrios,Alejandro,2017,1905 14425 0413,salud,doctorado,matematica 17
Morales,Ana,2021,9579 86361 0101,humanidades,doctorado,energia 31,razonamiento 20,calculo 82,microeconomia 13
Morales,Alejandro,2015,7521 12430 0113,salud,doctorado,compiladores 26
Morales,Alejandro,1994,4200 69359 0102,ambientales,doctorado,biologia 5,auditoria 40
Barrios,Daniel,2014,3986 77272 0101,humanidades,pregrado,deporte 62,macroeconomia 60
Bautista,Lucia,1996,6922 28715 0413,economia,doctorado,compiladores 3,razonamiento 8,microeconomia 8
Bautista,Lucia,2012,3974 66190 0413,economia,doctorado,microeconomia 23,auditoria 95
Lopez,Luz,2009,8093 86454 0413,humanidades,doctorado,neurologia 33
Leon,Lucia,1997,1345 12919 0102,salud,doctorado,biologia 79,razonamiento 69,programacion 10
Morales,Manuel,1996,3723 87514 0413,economia,pregrado,auditoria 66,neurologia 47,biologia 27
Morales,Sebastian,1996,8764 63257 0413,economia,pregrado,energia 45,deporte 54,razonamiento 1
Morales,Lucia,2007,1109 41680 0102,salud,doctorado,macroeconomia 69,programacion 94,calculo 69
Vasquez,Daniel,2002,1094 58223 0113,ingenieria,doctorado,deporte 95,programacion 23
Lima,Kevin,2013,4764 19992 0108,ingenieria,pregrado,microeconomia 43,matematica 48,deporte 92
Lopez,Ana,2018,8220 55920 0108,humanidades,pregrado,matematica 83,neurologia 17
Barrios,Evelyn,2014,2761 92524 0108,ingenieria,postgrado,macroeconomia 6
Vasquez,Sebastian,1996,1878 46688 0113,ingenieria,doctorado,matematica 4,programacion 90,auditoria 20,energia 98
Morales,Kevin,2011,8626 25017 0108,ingenieria,doctorado,razonamiento 2
Vasquez,Luz,2004,4845 73585 0102,salud,pregrado,energia 13,microeconomia 80,deporte 22,macroeconomia 36,neurologia 78
Vasquez,Sebastian,2015,3912 76168 0102,salud,doctorado,calculo 63,auditoria 28,compiladores 40,deporte 51,programacion 52
Lopez,Evelyn,2018,2781 31174 0108,economia,pregrado,macroeconomia 83,auditoria 36,neurologia 69,matematica 29
Lima,Andrea,2015,5568 48160 0102,ambientales,pregrado,compiladores 62,razonamiento 32
Leon,Lucia,2005,2335 25079 0108,salud,pregrado,deporte 16,biologia 36,auditoria 15
Lopez,Sebastian,1999,6495 59890 0101,ingenieria,postgrado,matematica 12,deporte 10
Barrios,Alejandro,2002,9047 86849 0113,ambientales,pregrado,macroeconomia 34,auditoria 23,razonamiento 65,biologia 4
Perez,Evelyn,2009,5249 29256 0108,humanidades,pregrado,biologia 22,neurologia 1,deporte 95
Barrios,Kevin,2017,3015 77414 0113,humanidades,doctorado,energia 39
Vasquez,Kevin,2005,1170 15773 0413,humanidades,postgrado,neurologia 89
Lima,Alejandro,2018,7453 53357 0101,salud,postgrado,razonamiento 66,deporte 92,matematica 62,biologia 1,auditoria 43
Bautista,Andrea,2013,4416 29943 0108,ambientales,pregrado,calculo 11,programacion 80
Bautista,Kevin,2018,8749 71154 0102,ingenieria,postgrado,microeconomia 41,macroeconomia 74,energia 47
Barrios,Luz,2016,2290 38008 0101,salud,pregrado,deporte 41,energia 96,auditoria 55,razonamiento 8
Perez,Sebastian,1997,6749 89472 0108,economia,pregrado,auditoria 5,macroeconomia 77,programacion 100,calculo 4
Morales,Kevin,2008,2228 59661 0413,ingenieria,pregrado,matematica 48,deporte 15
Morales,Alejandro,2007,9529 79446 0101,economia,doctorado,deporte 89,razonamiento 42
Lopez,Andrea,1997,9145 19355 0113,humanidades,pregrado,deporte 56,energia 26,calculo 74
Morales,Alejandro,2014,7124 36761 0101,economia,doctorado,microeconomia 67,programacion 42
Lima,Alejandro,2021,4993 90319 0113,salud,postgrado,auditoria 4,energia 58,deporte 7,macroeconomia 76
Lopez,Lucia,2008,4340 30014 0413,salud,postgrado,biologia 83,energia 88,matematica 12,auditoria 89,compiladores 29
Ruiz,Sebastian,1996,2077 44578 0108,ambientales,pregrado,compiladores 54
Lima,Evelyn,2002,2565 70126 0101,ingenieria,postgrado,neurologia 76,biologia 47
Ruiz,Alejandro,2001,4716 89417 0101,economia,postgrado,neurologia 21
Mejia,Alejandro,2012,5676 36856 0108,economia,doctorado,biologia 46,programacion 87,razonamiento 10,deporte 86
Morales,Luz,2000,5801 54491 0101,humanidades,doctorado,microeconomia 31,auditoria 84,macroeconomia 53
Lopez,Alejandro,1998,5166 17988 0413,humanidades,postgrado,compiladores 82,biologia 80,microeconomia 13
Ruiz,Andrea,2009,8293 89808 0108,humanidades,postgrado,neurologia 18,biologia 89,microeconomia 99,energia 94
Lima,Luz,1999,4802 62909 0113,ingenieria,doctorado,razonamiento 39
Perez,Andrea,1998,7902 60192 0101,ambientales,doctorado,programacion 69,energia 61,calculo 57,deporte 7,razonamiento 56
Ruiz,Ana,2001,7486 77097 0108,humanidades,pregrado,auditoria 45
Lopez,Kevin,1994,9755 47572 0108,ambientales,doctorado,auditoria 99,matematica 9,razonamiento 58,energia 88,programacion 72
Morales,Manuel,1999,5332 27559 0108,economia,doctorado,deporte 12,compiladores 24
Mejia,Andrea,2006,2867 64874 0101,economia,postgrado,macroeconomia 80,auditoria 1,compiladores 3,neurologia 70
Lopez,Andrea,2007,5337 35345 0101,ingenieria,doctorado,energia 68,neurologia 67
Ruiz,Kevin,2016,7990 46879 0101,economia,postgrado,programacion 17,calculo 4
Barrios,Sebastian,2008,9549 99114 0101,salud,doctorado,programacion 86,neurologia 81
Lima,Daniel,2002,3780 97869 0413,humanidades,postgrado,razonamiento 93,calculo 85
Bautista,Andrea,2013,7593 80986 0101,humanidades,pregrado,calculo 72
Vasquez,Evelyn,2006,3473 34843 0102,ambientales,pregrado,neurologia 34,matematica 47,macroeconomia 62
Perez,Lucia,1997,1328 58760 0102,humanidades,postgrado,calculo 70,compiladores 40,programacion 62,neurologia 24
Mejia,Ana,2000,4187 47071 0101,economia,postgrado,energia 66
Ruiz,Evelyn,2006,2183 41047 0108,ambientales,pregrado,calculo 23,programacion 47,microeconomia 9
Perez,Sebastian,2017,1428 45597 0113,economia,doctorado,biologia 28
Barrios,Andrea,2018,4287 32570 0113,ambientales,doctorado,macroeconomia 37
Mejia,Sebastian,2004,7817 26146 0413,ingenieria,pregrado,compiladores 36,calculo 7
Bautista,Daniel,2013,9887 54289 0101,ambientales,pregrado,programacion 55,deporte 35,biologia 32,matematica 76,auditoria 78
Leon,Luz,2012,7722 35296 0413,ambientales,postgrado,razonamiento 34,macroeconomia 83,microeconomia 90
Morales,Evelyn,2005,9436 41723 0108,economia,pregrado,matematica 51,energia 61,neurologia 67
Morales,Manuel,2012,8010 79511 0101,humanidades,doctorado,calculo 22,compiladores 28,razonamiento 56,deporte 41
Bautista,Kevin,2019,5304 98391 0413,salud,postgrado,energia 47,biologia 74,razonamiento 21,microeconomia 18,auditoria 49
Vasquez,Andrea,2009,2410 45123 0108,economia,postgrado,deporte 50,microeconomia 3,biologia 14
Vasquez,Evelyn,2001,5451 98588 0413,humanidades,doctorado,calculo 5,programacion 2
Mejia,Lucia,2009,5885 92933 0102,economia,postgrado,macroeconomia 36,compiladores 91
Barrios,Luz,2018,5037 34249 0113,economia,postgrado,macroeconomia 11,calculo 47
Mejia,Lucia,1998,5263 12729 0101,salud,doctorado,macroeconomia 85
Bautista,Daniel,2013,1775 81904 0113,ingenieria,pregrado,macroeconomia 72,compiladores 98
Lopez,Daniel,2008,1955 61628 0102,economia,pregrado,microeconomia 36,auditoria 41,matematica 96,programacion 32
Morales,Andrea,2020,9773 75250 0102,ambientales,pregrado,programacion 33,deporte 61,calculo 60,microeconomia 66
Perez,Evelyn,2012,9782 46097 0108,salud,doctorado,biologia 61,auditoria 76
Ruiz,Daniel,1995,1260 56586 0113,humanidades,pregrado,matematica 4,biologia 87,auditoria 60,compiladores 20
Lopez,Andrea,1998,8130 20747 0108,humanidades,postgrado,compiladores 78
Leon,Kevin,2020,5456 91281 0113,ambientales,pregrado,microeconomia 89,programacion 2,compiladores 73,deporte 79,neurologia 25
Lopez,Ana,2018,7664 88801 0102,ingenieria,postgrado,matematica 72,deporte 78,auditoria 98,microeconomia 58,razonamiento 80
Morales,Lucia,2020,7245 87502 0101,salud,doctorado,energia 81,deporte 76
Leon,Manuel,2016,3932 26600 0413,ingenieria,pregrado,matematica 35,energia 46
Lima,Daniel,2004,2628 29430 0101,humanidades,pregrado,biologia 32
Barrios,Andrea,2013,4345 84819 0102,salud,postgrado,calculo 88
Perez,Lucia,2020,3179 92387 0413,ambientales,postgrado,deporte 78,biologia 79,microeconomia 13
Bautista,Manuel,2003,5282 94161 0101,salud,postgrado,energia 36,programacion 8,deporte 59,neurologia 96,biologia 30
Barrios,Kevin,2014,6409 54909 0108,salud,pregrado,razonamiento 53,macroeconomia 24
Ruiz,Luz,2006,8288 34610 0108,salud,postgrado,macroeconomia 38,biologia 61,deporte 62
Bautista,Andrea,1996,3728 52705 0108,humanidades,pregrado,razonamiento 6,deporte 58
Lopez,Ana,2011,8985 76022 0102,humanidades,postgrado,compiladores 20,energia 2,matematica 58,neurologia 36,biologia 96
Bautista,Alejandro,2009,9772 33291 0413,ingenieria,postgrado,matematica 26,calculo 71,biologia 65,energia 80
Perez,Ana,2002,9072 73573 0413,salud,doctorado,neurologia 39,compiladores 51,razonamiento 83
Lima,Andrea,2007,8167 63111 0413,economia,pregrado,deporte 40
Ruiz,Evelyn,2002,6718 18360 0101,humanidades,postgrado,deporte 38,macroeconomia 47,auditoria 95,razonamiento 48,programacion 81
Vasquez,Sebastian,2005,8346 35602 0113,humanidades,doctorado,macroeconomia 92,razonamiento 10
Perez,Daniel,2001,5278 98715 0108,salud,postgrado,calculo 57,compiladores 34,matematica 1,neurologia 85
Vasquez,Evelyn,1999,1538 14824 0108,economia,pregrado,energia 10
Perez,Luz,2017,4240 52765 0108,economia,doctorado,razonamiento 71
Mejia,Daniel,2015,8831 14318 0413,economia,pregrado,macroeconomia 25,compiladores 76,calculo 97,energia 98
Barillas,Kevin,2011,2981 97048 0101,ingenieria,pregrado,deporte 35,programacion 63,macroeconomia 59
Barillas,Alejandro,1996,4129 79716 0108,salud,doctorado,microeconomia 20,programacion 21,macroeconomia 62,deporte 54
Ruiz,Ana,1998,2649 76123 0113,humanidades,postgrado,compiladores 64,programacion 90,biologia 26,macroeconomia 65
Barillas,Manuel,2004,5255 37669 0102,salud,postgrado,programacion 61,energia 85,neurologia 35
Ruiz,Sebastian,2002,9368 53024 0113,ambientales,postgrado,energia 33
Mejia,Daniel,2019,4419 35880 0102,ambientales,postgrado,calculo 23,razonamiento 50,compiladores 45,auditoria 18
Bautista,Ana,2004,6752 30721 0413,ambientales,postgrado,compiladores 86,razonamiento 5,neurologia 84,microeconomia 65,macroeconomia 33
Barrios,Andrea,1995,4361 23750 0102,humanidades,postgrado,neurologia 38,calculo 45,energia 94
Mejia,Daniel,2008,7470 91485 0102,humanidades,pregrado,microeconomia 57
Lima,Alejandro,2001,3026 27828 0102,ambientales,postgrado,macroeconomia 36,compiladores 75,biologia 98,energia 8
Morales,Daniel,2021,3341 44816 0102,ingenieria,pregrado,biologia 99
Barillas,Evelyn,2002,6659 72386 0102,ambientales,doctorado,compiladores 34,neurologia 73,auditoria 77,matematica 69
Barrios,Andrea,2009,6201 32312 0108,salud,pregrado,compiladores 95
Lopez,Manuel,2011,1422 70198 0113,economia,pregrado,macroeconomia 53,biologia 54,deporte 90,microeconomia 89,compiladores 99
Bautista,Daniel,2006,5098 69020 0101,ingenieria,doctorado,auditoria 19,neurologia 36,calculo 92
Lima,Andrea,2011,6682 72118 0101,ambientales,pregrado,calculo 91,microeconomia 64,auditoria 66,programacion 72,deporte 63
Perez,Lucia,2005,7150 34134 0101,salud,doctorado,deporte 7,microeconomia 30,energia 9,biologia 98,razonamiento 80
Perez,Alejandro,2013,9355 81778 0413,ambientales,postgrado,macroeconomia 33
Perez,Luz,1999,4237 37827 0101,ingenieria,pregrado,programacion 74,auditoria 65,calculo 31,neurologia 82,biologia 14
Barrios,Evelyn,2014,9867 38119 0108,ambientales,doctorado,neurologia 29
Barrios,Evelyn,2015,4502 90444 0113,humanidades,postgrado,calculo 29,matematica 24,microeconomia 39,biologia 14,neurologia 56
Leon,Lucia,1994,8948 16217 0102,ambientales,postgrado,macroeconomia 10,compiladores 79
Mejia,Manuel,1994,7516 18043 0101,economia,pregrado,razonamiento 54,deporte 22,auditoria 24,microeconomia 51
Mejia,Lucia,2021,7838 81338 0113,salud,pregrado,macroeconomia 19,calculo 76,biologia 48
Perez,Alejandro,2014,8440 57110 0113,ambientales,doctorado,matematica 5,deporte 33,programacion 61,biologia 10
Vasquez,Luz,2012,1688 24520 0102,ambientales,pregrado,neurologia 89,programacion 77,auditoria 99
Lima,Daniel,2009,8333 70080 0108,salud,pregrado,razonamiento 68,neurologia 93,matematica 84,auditoria 68
Leon,Alejandro,2020,5039 58555 0102,ambientales,postgrado,razonamiento 5,deporte 52,programacion 55,compiladores 24,calculo 20
Leon,Luz,2012,8007 30754 0102,ambientales,doctorado,calculo 61
Lima,Daniel,2002,9158 86410 0108,ambientales,postgrado,matematica 19,biologia 57
Morales,Luz,2015,4046 66025 0101,ingenieria,doctorado,programacion 28,energia 54,matematica 32,compiladores 24
Lopez,Andrea,1998,2153 42342 0102,ambientales,postgrado,macroeconomia 36
Barillas,Lucia,2011,5390 89137 0413,economia,doctorado,energia 96,deporte 39,biologia 29
Leon,Alejandro,2007,7667 71733 0101,humanidades,postgrado,energia 23,razonamiento 99,compiladores 53
Vasquez,Andrea,1995,5202 34200 0108,ambientales,postgrado,razonamiento 22,biologia 29
Morales,Luz,1995,3122 98993 0102,humanidades,postgrado,auditoria 3
Perez,Sebastian,2012,9575 91513 0102,economia,pregrado,energia 14,neurologia 48
Vasquez,Luz,1995,6888 62396 0113,humanidades,doctorado,deporte 92,neurologia 78,razonamiento 44,energia 86,matematica 60
Barillas,Manuel,2006,4818 49965 0113,humanidades,pregrado,neurologia 2,auditoria 13,razonamiento 73
Barrios,Daniel,1994,7722 55307 0101,economia,pregrado,deporte 3,macroeconomia 11,auditoria 88,matematica 100
Bautista,Sebastian,2021,9626 60983 0102,salud,doctorado,biologia 67,calculo 85,razonamiento 71
Lopez,Ana,2001,9216 60877 0108,ambientales,postgrado,deporte 96,calculo 89,compiladores 12
Mejia,Daniel,1994,5014 93071 0413,humanidades,pregrado,auditoria 84,neurologia 25,compiladores 77,calculo 95,macroeconomia 69
Vasquez,Evelyn,2019,8382 61660 0413,ingenieria,doctorado,energia 59,deporte 11
Ruiz,Manuel,1994,2709 78920 0108,economia,postgrado,energia 58,razonamiento 67,neurologia 2,compiladores 14,auditoria 73
Mejia,Andrea,2004,3611 62707 0102,salud,postgrado,neurologia 38,compiladores 62,deporte 78,energia 11
Leon,Lucia,1994,9948 18507 0102,ambientales,doctorado,matematica 90
Morales,Kevin,1999,3264 94341 0113,humanidades,pregrado,microeconomia 31,matematica 22,deporte 71,energia 18
Vasquez,Daniel,2007,5489 30677 0413,ingenieria,doctorado,auditoria 83,energia 98
Vasquez,Ana,2000,3324 37763 0102,salud,pregrado,compiladores 79,energia 75,razonamiento 96
Morales,Alejandro,2003,6602 40650 0101,salud,postgrado,razonamiento 4,calculo 85
Lima,Evelyn,2016,8809 13167 0102,ingenieria,pregrado,compiladores 66,matematica 37,neurologia 70
Leon,Evelyn,2012,9427 75606 0101,ingenieria,postgrado,macroeconomia 35,neurologia 52
Leon,Evelyn,2010,6014 11887 0102,ingenieria,postgrado,biologia 56,matematica 80,neurologia 93,compiladores 50,microeconomia 60
Ruiz,Lucia,2013,4759 12302 0108,economia,pregrado,neurologia 21,energia 45
Lopez,Kevin,2011,6875 50440 0413,ingenieria,pregrado,programacion 1,microeconomia 20,calculo 79
Lopez,Daniel,1994,2671 97487 0108,economia,pregrado,biologia 74,matematica 80
Ruiz,Ana,2017,6819 79539 0101,economia,pregrado,microeconomia 23,biologia 40,auditoria 9,calculo 78,macroeconomia 49
Bautista,Luz,1994,1296 71990 0102,economia,pregrado,energia 57,microeconomia 7,macroeconomia 35,neurologia 96
Perez,Evelyn,2013,8421 54339 0413,humanidades,pregrado,neurologia 20
Bautista,Kevin,2004,9955 27201 0101,ingenieria,doctorado,calculo 6
Morales,Evelyn,2002,2762 47367 0413,ambientales,postgrado,programacion 67,auditoria 68,biologia 66
Ruiz,Luz,2008,3014 38378 0101,economia,doctorado,microeconomia 96
Lima,Andrea,2009,3135 17918 0102,humanidades,postgrado,energia 27,neurologia 16
Morales,Luz,2007,7375 52455 0102,salud,doctorado,neurologia 67,matematica 90,calculo 1,programacion 67
Ruiz,Alejandro,1994,9135 28773 0108,salud,pregrado,calculo 48,energia 85,microeconomia 13
Lopez,Kevin,2011,7810 98328 0102,humanidades,doctorado,matematica 89,compiladores 17,razonamiento 11,microeconomia 52,deporte 65
Barillas,Lucia,2004,3578 54536 0113,economia,postgrado,neurologia 40
Bautista,Kevin,1995,9880 86198 0102,ambientales,pregrado,calculo 51,matematica 42,biologia 87,auditoria 93,energia 50
Barillas,Alejandro,2003,7632 13175 0113,salud,pregrado,neurologia 76,calculo 93,programacion 34
Bautista,Lucia,1999,7122 81954 0108,economia,doctorado,auditoria 80,macroeconomia 85,microeconomia 50,calculo 80
Morales,Alejandro,2006,8192 92666 0101,ingenieria,pregrado,neurologia 68,macroeconomia 68,biologia 87,energia 14
Perez,Evelyn,2010,1435 46113 0413,salud,postgrado,razonamiento 21,compiladores 95,matematica 65,deporte 44,programacion 9
Lima,Alejandro,2005,8277 78803 0102,humanidades,pregrado,biologia 82,programacion 78
Mejia,Manuel,2014,6278 49337 0108,economia,pregrado,deporte 81,matematica 93
Barrios,Andrea,2007,3198 81713 0108,ingenieria,pregrado,neurologia 10
Bautista,Sebastian,2019,3916 55662 0113,salud,doctorado,biologia 68,microeconomia 31,neurologia 71,programacion 35
Lima,Sebastian,2017,2367 91745 0413,economia,postgrado,compiladores 56,biologia 10,programacion 32
Bautista,Lucia,1996,4997 99976 0113,ambientales,pregrado,auditoria 33,calculo 29,razonamiento 76
Barrios,Daniel,2020,7239 34406 0101,salud,postgrado,microeconomia 83,calculo 7,programacion 94,energia 70,neurologia 45
Morales,Kevin,2016,2197 55746 0113,salud,postgrado,energia 79,compiladores 69,calculo 87,macroeconomia 68
Bautista,Kevin,2015,7437 68745 0101,salud,pregrado,razonamiento 11,compiladores 73
Vasquez,Ana,2004,8200 26045 0101,humanidades,pregrado,programacion 39,compiladores 99,auditoria 25,razonamiento 99,matematica 80
Perez,Daniel,2005,4354 18396 0113,ingenieria,postgrado,auditoria 28,deporte 78,calculo 81,microeconomia 66
Barillas,Alejandro,2001,1888 78552 0102,salud,doctorado,matematica 84,programacion 25,compiladores 67,deporte 10,macroeconomia 46
Leon,Andrea,1996,9674 32375 0108,ambientales,pregrado,energia 69,microeconomia 73,programacion 54
Bautista,Ana,2003,4851 82273 0113,economia,doctorado,biologia 20
Barillas,Alejandro,2008,1395 20417 0102,ambientales,pregrado,macroeconomia 91,deporte 98,razonamiento 7
Morales,Daniel,2021,6681 89770 0101,salud,doctorado,energia 57,programacion 81,neurologia 61
Lima,Kevin,2018,9326 84674 0113,salud,postgrado,energia 64,compiladores 96,microeconomia 40
Mejia,Alejandro,2006,4218 44051 0113,salud,doctorado,matematica 52,microeconomia 35
Bautista,Daniel,2013,5124 59432 0101,ingenieria,doctorado,auditoria 17,razonamiento 1
Lopez,Lucia,2020,6179 42772 0113,salud,postgrado,compiladores 30
Leon,Luz,2010,7059 73008 0113,salud,pregrado,programacion 50,compiladores 24
Lima,Manuel,2017,3173 50922 0413,humanidades,doctorado,calculo 46,macroeconomia 13,razonamiento 28,programacion 12,auditoria 2
Mejia,Daniel,2011,7195 60964 0102,salud,pregrado,biologia 51,macroeconomia 20,deporte 78,matematica 86,auditoria 50
Barrios,Kevin,2014,3365 56753 0102,humanidades,postgrado,biologia 89,macroeconomia 58,microeconomia 96
Lima,Lucia,1995,7276 46847 0101,humanidades,pregrado,energia 64,matematica 76,auditoria 3
Lopez,Daniel,2002,3567 68648 0413,ingenieria,doctorado,razonamiento 9,auditoria 23,neurologia 27,calculo 79
Mejia,Sebastian,2002,3932 61668 0108,salud,postgrado,macroeconomia 54,matematica 39,compiladores 54,calculo 28
Mejia,Ana,2001,7407 30664 0102,ingenieria,doctorado,matematica 29
Barrios,Lucia,2021,4502 61722 0113,ingenieria,pregrado,programacion 77,auditoria 2,calculo 60,macroeconomia 45
Mejia,Evelyn,2000,8177 32576 0413,economia,postgrado,auditoria 36,programacion 55,razonamiento 55,biologia 81,energia 54
Barillas,Kevin,2003,7339 40735 0108,ingenieria,doctorado,neurologia 79,auditoria 82,energia 76
Vasquez,Manuel,2021,5237 19621 0113,ingenieria,pregrado,macroeconomia 47
Ruiz,Sebastian,2010,3565 84269 0113,ingenieria,pregrado,auditoria 13,compiladores 64,matematica 57,biologia 49
Leon,Andrea,2006,7943 26210 0102,humanidades,pregrado,compiladores 5,microeconomia 8,energia 5,neurologia 14
Barillas,Evelyn,2016,8987 42640 0413,humanidades,pregrado,auditoria 66,neurologia 5,energia 6,compiladores 39
Lima,Manuel,2014,4063 69361 0101,ingenieria,doctorado,energia 63
Barrios,Sebastian,2006,5096 59527 0108,humanidades,postgrado,auditoria 43
Vasquez,Sebastian,2003,2159 30752 0113,salud,postgrado,razonamiento 80
Lima,Ana,2016,4439 11658 0102,ambientales,doctorado,macroeconomia 84
Lopez,Daniel,2003,5975 46463 0113,salud,pregrado,neurologia 28
Lopez,Daniel,2006,6039 31921 0102,ambientales,postgrado,deporte 61,calculo 61,biologia 38,microeconomia 60,razonamiento 64
Leon,Evelyn,2019,9113 30503 0108,salud,pregrado,auditoria 70
Lopez,Alejandro,1995,3962 53844 0413,ambientales,doctorado,deporte 77,microeconomia 54
Ruiz,Sebastian,1995,4253 37219 0102,ambientales,postgrado,energia 96,auditoria 72
Barillas,Manuel,2015,6762 73821 0101,salud,doctorado,biologia 30,auditoria 1
Mejia,Lucia,1997,3732 63513 0108,ingenieria,postgrado,microeconomia 33,macroeconomia 4,deporte 97,compiladores 64,programacion 55
Barillas,Sebastian,1996,7302 45686 0102,salud,doctorado,deporte 17,biologia 55
Leon,Lucia,2011,2038 56224 0113,humanidades,pregrado,razonamiento 73,neurologia 90
Leon,Daniel,2016,2731 83729 0102,salud,doctorado,razonamiento 87
Perez,Ana,2000,8152 99525 0101,economia,doctorado,programacion 99,biologia 97
Barillas,Manuel,1999,2844 74990 0108,salud,postgrado,energia 81,biologia 5,microeconomia 72,razonamiento 63
Vasquez,Alejandro,2003,1616 26957 0113,economia,pregrado,biologia 33,calculo 28,energia 28,razonamiento 60,matematica 95
Vasquez,Ana,2000,6956 28817 0413,humanidades,doctorado,macroeconomia 21,matematica 68
Barrios,Lucia,1996,5084 95671 0413,ingenieria,doctorado,biologia 6,neurologia 60,deporte 41
Lopez,Manuel,2007,9592 43496 0101,salud,doctorado,energia 53,razonamiento 4
Mejia,Sebastian,2004,1935 24689 0413,salud,postgrado,programacion 93
Barillas,Kevin,2019,2229 40766 0113,economia,postgrado,macroeconomia 26
Perez,Andrea,1994,3321 34472 0108,economia,doctorado,energia 86,macroeconomia 44,razonamiento 35,neurologia 38,biologia 85
Mejia,Ana,2012,4817 42127 0108,economia,pregrado,macroeconomia 50,auditoria 49
Barrios,Daniel,1998,2714 52429 0102,humanidades,postgrado,compiladores 16,microeconomia 23,biologia 85,programacion 66,auditoria 11
Perez,Luz,1996,2807 43437 0113,ingenieria,postgrado,razonamiento 95,neurologia 13
Barrios,Manuel,2011,1187 78865 0101,ambientales,pregrado,razonamiento 83
Morales,Lucia,2021,4817 44266 0113,economia,pregrado,macroeconomia 48,biologia 52
Morales,Manuel,1999,8416 19856 0101,ingenieria,postgrado,biologia 88,programacion 99,matematica 95,macroeconomia 52,auditoria 69
Barillas,Alejandro,1998,6182 57312 0101,salud,postgrado,calculo 2,neurologia 31
Lima,Kevin,2020,5340 90687 0101,salud,pregrado,compiladores 43,microeconomia 3,biologia 95,programacion 32
Lima,Andrea,2006,1722 26113 0101,humanidades,pregrado,neurologia 14,biologia 79,microeconomia 49
Vasquez,Luz,2005,8804 37236 0108,ingenieria,postgrado,neurologia 41,microeconomia 12
Lima,Alejandro,1997,5720 38633 0108,ambientales,postgrado,programacion 20
Bautista,Manuel,1999,2336 92214 0108,humanidades,doctorado,neurologia 10,programacion 80,razonamiento 24,compiladores 4
Vasquez,Evelyn,2004,6895 34443 0413,humanidades,postgrado,auditoria 60,deporte 25
Bautista,Kevin,1994,8449 75574 0102,ambientales,pregrado,compiladores 21,razonamiento 49,matematica 85
Mejia,Daniel,2006,8905 88675 0108,salud,pregrado,deporte 77,calculo 8
Lima,Kevin,1999,8184 51655 0413,salud,postgrado,biologia 25,macroeconomia 97,neurologia 59,matematica 53
Barillas,Ana,1996,4954 94000 0101,humanidades,pregrado,auditoria 15,macroeconomia 87,energia 34
Vasquez,Luz,2004,6064 26861 0101,economia,doctorado,compiladores 15,matematica 86,neurologia 59
Barrios,Lucia,1995,7175 44602 0102,ambientales,doctorado,biologia 30,razonamiento 90,energia 14,neurologia 96
Vasquez,Daniel,2016,6334 31695 0413,economia,pregrado,microeconomia 65,auditoria 52,energia 88
Leon,Sebastian,2020,2477 22228 0102,economia,pregrado,biologia 90,macroeconomia 53,deporte 3
Leon,Daniel,2003,9516 32985 0102,economia,postgrado,calculo 1,biologia 51,microeconomia 42,auditoria 96
Perez,Ana,2020,4655 99674 0113,salud,postgrado,programacion 5,biologia 73,compiladores 97,energia 47
Lima,Sebastian,2020,5607 55777 0108,economia,doctorado,auditoria 10,biologia 85,razonamiento 79,macroeconomia 19
Barillas,Andrea,2003,1273 24741 0108,ingenieria,pregrado,energia 7,compiladores 43
Vasquez,Ana,2004,3023 21260 0113,ambientales,pregrado,programacion 50,auditoria 22,deporte 54,neurologia 13,macroeconomia 72
Mejia,Daniel,1994,8152 10267 0102,economia,pregrado,microeconomia 65,energia 54,deporte 28,calculo 32
Vasquez,Manuel,2010,3359 73649 0108,ingenieria,postgrado,macroeconomia 66,compiladores 60,matematica 38,programacion 77
Perez,Sebastian,2011,4115 52333 0102,humanidades,postgrado,auditoria 61,biologia 7,programacion 31
Vasquez,Lucia,2010,9116 47954 0101,humanidades,postgrado,microeconomia 19,auditoria 26,macroeconomia 53,razonamiento 25
Bautista,Kevin,2009,5633 63304 0101,economia,postgrado,microeconomia 4
Mejia,Lucia,2006,2440 35181 0108,ingenieria,doctorado,auditoria 18,programacion 11,microeconomia 50,neurologia 8
Perez,Kevin,2016,6057 46086 0108,ambientales,pregrado,energia 97,programacion 61
Barrios,Lucia,2021,9812 18050 0101,ingenieria,doctorado,energia 26
Bautista,Kevin,2019,7317 91617 0102,economia,pregrado,compiladores 34,macroeconomia 1,razonamiento 89,auditoria 73
Leon,Luz,2013,8696 31543 0413,ambientales,pregrado,calculo 78,razonamiento 36,compiladores 70,auditoria 10,neurologia 36
Mejia,Lucia,2009,8619 75783 0113,ingenieria,doctorado,macroeconomia 10,compiladores 73,energia 10
Mejia,Manuel,2018,7919 54967 0413,ambientales,pregrado,compiladores 80,neurologia 68,calculo 85
Leon,Ana,2009,7702 99270 0413,humanidades,postgrado,programacion 19,razonamiento 21
Morales,Evelyn,2001,3748 82513 0108,ingenieria,postgrado,energia 91,deporte 95,compiladores 6,razonamiento 78,auditoria 75
Barillas,Alejandro,1998,4865 76496 0101,economia,postgrado,compiladores 28,auditoria 64,programacion 28,energia 41
Vasquez,Manuel,2003,9173 35505 0113,humanidades,pregrado,deporte 24,neurologia 15,calculo 17,programacion 24,macroeconomia 84
Barrios,Lucia,2012,1110 13473 0113,ingenieria,postgrado,compiladores 51
Perez,Andrea,2019,3066 91940 0102,ambientales,postgrado,razonamiento 63
Lima,Luz,2001,4669 35965 0101,economia,doctorado,microeconomia 23,razonamiento 77,deporte 3,programacion 14,calculo 21
Bautista,Kevin,2003,4659 56739 0413,salud,postgrado,microeconomia 89
Ruiz,Evelyn,2019,1530 78218 0113,ingenieria,postgrado,biologia 75,calculo 51,neurologia 4,compiladores 65,matematica 56
Bautista,Alejandro,1997,7251 22023 0101,humanidades,pregrado,macroeconomia 14,calculo 34,auditoria 69
Leon,Ana,1999,4433 33271 0102,economia,postgrado,deporte 83,neurologia 70,calculo 52
Mejia,Ana,2011,6629 67133 0102,ambientales,postgrado,biologia 80,razonamiento 71,deporte 95,auditoria 45
Leon,Luz,2019,5708 11646 0101,ambientales,pregrado,biologia 71
Vasquez,Ana,2000,9327 82706 0102,salud,doctorado,neurologia 32,biologia 15,microeconomia 15,matematica 23
Barrios,Daniel,2008,7720 40739 0413,humanidades,postgrado,neurologia 20,razonamiento 85,programacion 58,auditoria 73,deporte 41
Lopez,Lucia,2010,3715 43621 0413,economia,pregrado,calculo 83,deporte 82,razonamiento 64,macroeconomia 23,programacion 66
Barillas,Daniel,2014,3436 78478 0101,ambientales,doctorado,programacion 79,microeconomia 36,matematica 58
Lima,Manuel,2005,9784 36006 0413,ambientales,pregrado,matematica 13,programacion 35,auditoria 92,microeconomia 95,biologia 97
Perez,Evelyn,2007,2849 75698 0108,economia,postgrado,energia 61
Ruiz,Evelyn,2006,8120 50386 0413,ambientales,pregrado,deporte 65,razonamiento 88,programacion 29,energia 10,matematica 47
Mejia,Luz,1994,2577 49875 0108,humanidades,doctorado,energia 63,macroeconomia 3,compiladores 98,calculo 19
Mejia,Andrea,2002,6314 75293 0101,ambientales,doctorado,neurologia 49,microeconomia 35,auditoria 23
Perez,Andrea,2007,3241 20750 0108,salud,pregrado,biologia 98
Mejia,Luz,1997,5368 91918 0413,humanidades,pregrado,deporte 14,calculo 11
Morales,Andrea,2015,3132 18737 0102,humanidades,doctorado,razonamiento 86
Vasquez,Evelyn,1995,8890 57840 0113,economia,pregrado,neurologia 47,microeconomia 98,calculo 89,energia 36
Bautista,Luz,2018,6493 41648 0413,ambientales,doctorado,razonamiento 37,auditoria 98,calculo 58,compiladores 9
Mejia,Kevin,2018,4081 10553 0413,ambientales,postgrado,biologia 39
Lopez,Sebastian,2002,1545 94039 0413,humanidades,doctorado,programacion 34,compiladores 51,auditoria 64,energia 55
Perez,Andrea,1996,6637 24141 0413,economia,postgrado,energia 56,microeconomia 59
Vasquez,Kevin,2015,1965 51370 0108,ingenieria,postgrado,calculo 18,razonamiento 81,deporte 62,auditoria 24
Ruiz,Alejandro,2010,6479 80298 0108,ambientales,postgrado,neurologia 81,calculo 63,macroeconomia 28
Lima,Lucia,2013,6505 34816 0101,ambientales,postgrado,biologia 9,energia 36,compiladores 19,calculo 57
Lopez,Kevin,2000,8666 70872 0113,ingenieria,postgrado,matematica 50,macroeconomia 54,biologia 67,auditoria 69
Lima,Ana,2021,6599 42918 0101,ambientales,postgrado,programacion 10,deporte 94,neurologia 7,macroeconomia 93
Leon,Lucia,1994,1440 95336 0101,ingenieria,postgrado,matematica 18,deporte 80,compiladores 65,auditoria 54
Morales,Alejandro,2019,9536 21245 0413,economia,postgrado,programacion 88,biologia 12,razonamiento 42,deporte 86,neurologia 58
Lopez,Lucia,2009,8259 74658 0113,salud,pregrado,auditoria 62,programacion 64,biologia 56,macroeconomia 48,neurologia 85
Leon,Ana,2016,7984 71331 0413,salud,doctorado,auditoria 76,calculo 69
Morales,Andrea,2008,4121 97516 0101,humanidades,postgrado,razonamiento 16,compiladores 3,biologia 41,macroeconomia 72,deporte 57
Mejia,Lucia,1997,2717 30295 0413,salud,doctorado,calculo 26,programacion 31
Barrios,Kevin,1999,2574 31745 0113,salud,pregrado,neurologia 21,biologia 54,razonamiento 26,calculo 71,matematica 17
Leon,Kevin,2005,1263 37118 0101,humanidades,postgrado,compiladores 1,neurologia 64,deporte 48
Ruiz,Alejandro,2003,9776 46870 0413,economia,pregrado,matematica 94,neurologia 63
Barrios,Ana,2014,8947 83626 0102,economia,pregrado,deporte 93,programacion 58,auditoria 3,calculo 36
Ruiz,Ana,2011,2823 45955 0108,salud,postgrado,razonamiento 30,compiladores 58,deporte 46,energia 39,biologia 31
Perez,Kevin,2017,4279 40355 0108,ingenieria,pregrado,matematica 20,biologia 29,razonamiento 73
Vasquez,Luz,2008,7588 12793 0108,economia,postgrado,compiladores 15
Vasquez,Daniel,2013,1904 31577 0101,humanidades,postgrado,compiladores 10,razonamiento 17
Barillas,Lucia,2016,1417 66555 0102,salud,postgrado,macroeconomia 40
Lima,Andrea,1999,9061 58497 0413,economia,doctorado,deporte 60
Ruiz,Lucia,2021,8131 73535 0108,ingenieria,doctorado,biologia 38
Lima,Kevin,1994,5430 21428 0101,ingenieria,pregrado,microeconomia 61,deporte 93,razonamiento 32,programacion 28
Leon,Kevin,2014,1371 81823 0101,salud,postgrado,compiladores 58,matematica 9,deporte 40
Barillas,Ana,2009,9221 54072 0413,ambientales,postgrado,biologia 9,matematica 19,deporte 50,calculo 25,razonamiento 20
Barrios,Andrea,2016,5543 27305 0113,humanidades,pregrado,matematica 83,microeconomia 88,auditoria 81,compiladores 31,neurologia 58
Lopez,Luz,2004,9282 68620 0102,economia,postgrado,razonamiento 58,macroeconomia 48,calculo 38,deporte 94
Leon,Sebastian,1994,7983 42659 0102,ambientales,postgrado,compiladores 40,macroeconomia 14,calculo 24,auditoria 29
Mejia,Luz,2013,3855 61588 0113,ingenieria,postgrado,microeconomia 74,compiladores 58,calculo 11,biologia 17,deporte 58
Ruiz,Ana,2006,5701 48529 0108,ambientales,postgrado,neurologia 53,compiladores 15,microeconomia 4
Vasquez,Kevin,1995,8856 30157 0108,humanidades,doctorado,compiladores 49,biologia 83,microeconomia 33,macroeconomia 31
Bautista,Andrea,2013,7537 35965 0113,ambientales,postgrado,macroeconomia 48,deporte 91
Vasquez,Kevin,1994,3497 87456 0413,salud,doctorado,matematica 40,programacion 34,deporte 46
Barrios,Andrea,2010,9148 73251 0101,economia,doctorado,calculo 28,razonamiento 65,neurologia 5,microeconomia 27
Lopez,Andrea,2007,7474 25639 0113,ingenieria,pregrado,razonamiento 74,matematica 100,microeconomia 29,deporte 36
Barillas,Daniel,2019,3757 36859 0102,humanidades,pregrado,deporte 70
Morales,Ana,2003,8406 99310 0102,ambientales,postgrado,programacion 31,compiladores 43,auditoria 40
Vasquez,Evelyn,2014,5133 15437 0113,ambientales,postgrado,calculo 11,microeconomia 35,biologia 24,compiladores 20
Ruiz,Luz,2013,6998 66575 0102,economia,doctorado,macroeconomia 99
Mejia,Andrea,2007,9673 63453 0108,economia,doctorado,calculo 60
Lopez,Daniel,2002,1023 68366 0108,ingenieria,postgrado,razonamiento 38,auditoria 55,macroeconomia 100,microeconomia 94,biologia 94
Lopez,Andrea,2004,1520 28709 0113,humanidades,pregrado,razonamiento 1
Mejia,Evelyn,2007,1691 50924 0102,economia,postgrado,macroeconomia 90,compiladores 19,microeconomia 26,razonamiento 27,matematica 57
Barillas,Daniel,2001,2308 76679 0108,ingenieria,postgrado,biologia 9,neurologia 31,microeconomia 95,energia 73
Vasquez,Luz,2011,5030 18571 0413,salud,doctorado,compiladores 55,matematica 31,programacion 29,neurologia 13
Perez,Ana,2010,1576 42784 0413,ambientales,postgrado,neurologia 55,auditoria 19,macroeconomia 45,energia 62,deporte 87
Barillas,Andrea,2006,6899 70629 0413,humanidades,doctorado,deporte 14,macroeconomia 11,neurologia 32,matematica 2,biologia 10
Lima,Luz,2005,8209 23299 0108,humanidades,pregrado,macroeconomia 36,compiladores 58,deporte 98,programacion 94
Perez,Sebastian,2007,8603 40935 0102,ambientales,pregrado,razonamiento 11,compiladores 70,microeconomia 46
Mejia,Andrea,1999,3264 10733 0108,salud,doctorado,auditoria 76
Leon,Alejandro,2010,7205 59778 0102,ingenieria,postgrado,deporte 83,compiladores 91
Bautista,Manuel,2020,1569 10579 0108,ambientales,pregrado,macroeconomia 87,compiladores 99
Barrios,Daniel,1995,7302 81845 0101,ingenieria,postgrado,calculo 68,neurologia 35,deporte 12
Barrios,Manuel,1995,1008 80535 0101,economia,postgrado,calculo 60,microeconomia 46,energia 12,macroeconomia 98
Bautista,Sebastian,2019,3106 65285 0108,economia,pregrado,programacion 50,razonamiento 31,calculo 54,compiladores 40,deporte 9
Perez,Manuel,2012,8861 58616 0413,ambientales,doctorado,compiladores 21
Lima,Alejandro,2004,5400 83344 0113,salud,doctorado,matematica 18,energia 96
Lopez,Luz,2014,4778 10449 0102,ambientales,postgrado,microeconomia 19,matematica 80,programacion 77
Perez,Lucia,2005,8916 52606 0102,salud,postgrado,microeconomia 8
Mejia,Ana,2014,1847 35510 0101,ingenieria,postgrado,biologia 77,microeconomia 65,auditoria 61
Bautista,Luz,2021,2685 16814 0413,ingenieria,pregrado,energia 35,matematica 5,microeconomia 35,deporte 9
Barillas,Alejandro,2006,3370 24188 0413,salud,postgrado,neurologia 82,auditoria 19,biologia 44
Lopez,Manuel,2008,3690 33790 0108,humanidades,postgrado,calculo 94,razonamiento 94,matematica 22,deporte 99
Lima,Daniel,2009,2742 96793 0413,economia,doctorado,matematica 12
Perez,Evelyn,2002,8187 84830 0101,salud,pregrado,razonamiento 75,compiladores 33,calculo 27,macroeconomia 82,energia 94
Lopez,Evelyn,2018,9827 53451 0101,ingenieria,doctorado,neurologia 53,deporte 58,razonamiento 21
Vasquez,Lucia,2013,1136 19339 0413,salud,pregrado,matematica 82,calculo 17,biologia 68,energia 59,neurologia 13
Bautista,Kevin,2004,2963 89339 0108,salud,doctorado,energia 66,compiladores 24,microeconomia 64,programacion 24
Perez,Ana,2011,2184 34024 0413,ingenieria,doctorado,microeconomia 13,deporte 51,auditoria 34
Vasquez,Alejandro,2009,8135 89732 0101,economia,doctorado,macroeconomia 89,programacion 8
Lima,Ana,2021,6259 66560 0113,ambientales,pregrado,biologia 67,deporte 100,calculo 83,programacion 26,neurologia 32
Mejia,Lucia,1998,4894 86293 0108,ingenieria,postgrado,macroeconomia 84,compiladores 10,matematica 83,biologia 87
Ruiz,Kevin,1994,2436 11320 0101,economia,doctorado,microeconomia 62,compiladores 46
Lopez,Evelyn,2017,5876 96012 0413,economia,pregrado,macroeconomia 42
Barillas,Sebastian,2010,1114 58472 0108,salud,postgrado,matematica 5,compiladores 60,deporte 50,neurologia 96,microeconomia 75
Barillas,Evelyn,2011,9020 48147 0113,economia,doctorado,calculo 15,biologia 80,deporte 89,macroeconomia 92,matematica 98
Lima,Lucia,2009,4859 43727 0108,ingenieria,doctorado,calculo 67,macroeconomia 18
Perez,Lucia,2008,4229 70974 0102,ingenieria,doctorado,energia 42,programacion 97,matematica 30
Perez,Lucia,2000,5650 98204 0113,ingenieria,doctorado,auditoria 24,deporte 60,macroeconomia 9,energia 18
Barrios,Alejandro,1996,2257 87554 0413,ambientales,postgrado,razonamiento 2,matematica 26,compiladores 6,auditoria 11
Vasquez,Alejandro,1999,4412 57076 0108,ambientales,doctorado,calculo 18,auditoria 78,compiladores 16,deporte 80
Morales,Evelyn,2017,9394 92484 0108,humanidades,postgrado,biologia 64,macroeconomia 92,programacion 66,matematica 2
Perez,Sebastian,2000,8584 53019 0102,salud,pregrado,energia 64,auditoria 25,calculo 39,microeconomia 87
Bautista,Luz,2006,7324 17444 0102,salud,postgrado,programacion 44,biologia 99,energia 94
Lopez,Sebastian,2008,3030 15709 0108,ingenieria,pregrado,deporte 21,programacion 28
Perez,Alejandro,1997,7344 18484 0101,ingenieria,pregrado,biologia 86,calculo 60,energia 98,neurologia 17
Ruiz,Alejandro,2019,8042 53941 0108,humanidades,postgrado,matematica 27,auditoria 47,razonamiento 27
Lopez,Lucia,2013,3047 81101 0108,salud,doctorado,neurologia 35,macroeconomia 53,microeconomia 99,programacion 82
Bautista,Ana,2018,7476 11010 0413,salud,postgrado,auditoria 78,programacion 78,neurologia 53
Perez,Lucia,2006,5303 78484 0108,salud,postgrado,auditoria 44
Lima,Ana,2015,3109 90856 0102,ambientales,pregrado,biologia 60,matematica 6,programacion 70,energia 45
Vasquez,Luz,2010,9763 14327 0113,ambientales,doctorado,programacion 21,macroeconomia 46,biologia 59,deporte 47
Leon,Lucia,1999,9749 82728 0101,ingenieria,postgrado,matematica 6,auditoria 14,macroeconomia 1
Lopez,Alejandro,2018,9485 11838 0102,economia,pregrado,macroeconomia 53,energia 39,programacion 90,compiladores 93,deporte 81
Lopez,Manuel,2019,4458 33269 0108,ingenieria,postgrado,calculo 17,macroeconomia 5,energia 23,neurologia 59
Vasquez,Evelyn,1998,7530 49490 0108,ambientales,doctorado,matematica 77,razonamiento 47
Ruiz,Evelyn,2018,5568 13088 0108,economia,postgrado,auditoria 48,microeconomia 68,neurologia 12,programacion 57,energia 68
Perez,Evelyn,1997,1944 94769 0101,salud,pregrado,razonamiento 28,compiladores 82,neurologia 58,calculo 22,biologia 80
Leon,Lucia,2019,3424 52412 0108,salud,pregrado,matematica 54,deporte 14,macroeconomia 14,calculo 44
Lopez,Manuel,1994,7483 59172 0108,ambientales,postgrado,auditoria 43
Lima,Evelyn,2013,3699 28407 0102,humanidades,postgrado,compiladores 92,biologia 81,microeconomia 4
Barrios,Kevin,2000,2364 29295 0101,ambientales,postgrado,deporte 84,calculo 1
Perez,Andrea,2006,5720 95399 0113,humanidades,doctorado,macroeconomia 98,microeconomia 40,auditoria 13
Morales,Ana,1996,2078 81601 0102,economia,doctorado,microeconomia 9,energia 64
Vasquez,Evelyn,2011,3750 11162 0413,salud,pregrado,biologia 98,auditoria 4,microeconomia 1,calculo 77,compiladores 37
Mejia,Daniel,2009,2001 40940 0108,ingenieria,doctorado,energia 50,neurologia 77,programacion 44
Leon,Manuel,2003,7052 82000 0108,ingenieria,doctorado,microeconomia 85,matematica 30,razonamiento 53
Leon,Evelyn,2017,9534 74013 0108,salud,postgrado,auditoria 9,microeconomia 61
Perez,Daniel,2019,2470 45565 0413,ingenieria,postgrado,auditoria 79,programacion 77,neurologia 66,matematica 21,compiladores 15
Vasquez,Ana,1995,7085 72588 0102,ambientales,doctorado,compiladores 10,programacion 52,matematica 2
Morales,Sebastian,1999,6170 23340 0102,economia,doctorado,neurologia 62,deporte 97
Ruiz,Alejandro,1995,3263 20019 0102,humanidades,postgrado,compiladores 28,energia 88,programacion 12
Barrios,Lucia,2003,1595 69390 0413,ambientales,pregrado,neurologia 67
Vasquez,Daniel,2020,8163 16696 0102,humanidades,pregrado,neurologia 94,razonamiento 45,deporte 75,biologia 70,calculo 68
Mejia,Manuel,2001,4383 96512 0413,ingenieria,doctorado,programacion 98,compiladores 81,microeconomia 42,razonamiento 74
Leon,Andrea,2006,7498 44217 0102,salud,doctorado,matematica 77,deporte 26,neurologia 71,biologia 66,microeconomia 23
Ruiz,Ana,2020,2923 83919 0413,salud,pregrado,auditoria 10,matematica 76
Barillas,Daniel,2014,1863 94408 0101,humanidades,postgrado,energia 92,neurologia 97
Lima,Luz,2013,2336 45400 0113,salud,doctorado,calculo 98
Lopez,Daniel,2020,6396 39470 0101,ingenieria,pregrado,energia 35,auditoria 43,deporte 58
Barrios,Daniel,1994,9894 40395 0108,ambientales,pregrado,razonamiento 85
Perez,Alejandro,2009,7810 75656 0101,salud,doctorado,biologia 22,programacion 71,deporte 48
Ruiz,Alejandro,2004,7755 72665 0413,salud,postgrado,razonamiento 57,calculo 2
Vasquez,Sebastian,2007,3689 60275 0102,salud,doctorado,auditoria 55,programacion 37,compiladores 43,razonamiento 48
Leon,Daniel,2002,8175 51541 0413,salud,postgrado,biologia 92,programacion 50,energia 46
Perez,Alejandro,2009,4061 70714 0113,humanidades,postgrado,neurologia 30,deporte 73,biologia 21
Barrios,Ana,2010,8623 76736 0102,humanidades,postgrado,biologia 97,microeconomia 46,auditoria 19
Leon,Luz,2016,3185 85566 0413,ambientales,doctorado,compiladores 3,microeconomia 64,energia 83,macroeconomia 42,auditoria 7
Morales,Evelyn,2005,9974 84339 0102,salud,postgrado,razonamiento 19
Vasquez,Daniel,2012,5269 88808 0102,ambientales,postgrado,macroeconomia 98,matematica 19,calculo 89
Perez,Ana,2015,6459 98534 0413,humanidades,doctorado,razonamiento 66,auditoria 35,macroeconomia 85
Perez,Manuel,1998,1715 20681 0108,salud,postgrado,auditoria 10,energia 83
Perez,Daniel,2010,9170 87601 0101,economia,doctorado,energia 80
Lopez,Evelyn,2000,2681 31416 0108,ambientales,postgrado,razonamiento 68,deporte 31,microeconomia 95,macroeconomia 11,programacion 28
Mejia,Kevin,2016,7557 35389 0108,ingenieria,pregrado,matematica 81,neurologia 11,calculo 24,programacion 36,microeconomia 8
Leon,Alejandro,1998,4078 68128 0102,salud,pregrado,programacion 70,auditoria 100,biologia 84,energia 13
Lopez,Alejandro,2002,7714 99930 0113,ingenieria,postgrado,auditoria 14,microeconomia 43,compiladores 78,energia 80
Barrios,Alejandro,2007,7297 16262 0413,ingenieria,pregrado,compiladores 90
Leon,Alejandro,2016,8015 14344 0413,humanidades,postgrado,deporte 59,auditoria 73,macroeconomia 57
Morales,Sebastian,2001,3807 15673 0413,humanidades,postgrado,macroeconomia 19,matematica 57
Lima,Andrea,1997,2591 67909 0108,ambientales,pregrado,calculo 72
Barillas,Luz,1994,2947 65975 0108,ingenieria,doctorado,biologia 94,auditoria 27,matematica 46,energia 20,microeconomia 50
Barillas,Ana,1995,8306 86059 0108,economia,pregrado,deporte 62,microeconomia 72,auditoria 40,matematica 84
Bautista,Andrea,2009,6279 80949 0413,economia,pregrado,programacion 88,razonamiento 47,microeconomia 19
Vasquez,Ana,1994,6421 84405 0113,economia,doctorado,deporte 79,auditoria 30,microeconomia 82,programacion 94
Barrios,Daniel,1998,7121 75967 0101,salud,doctorado,auditoria 99
Mejia,Manuel,2016,2390 57382 0101,humanidades,doctorado,microeconomia 16
Barrios,Evelyn,2017,7144 96797 0102,economia,pregrado,auditoria 1
Barillas,Luz,1994,8235 44438 0108,salud,doctorado,calculo 11,razonamiento 67,matematica 66,biologia 49
Perez,Sebastian,1998,5343 13949 0113,humanidades,doctorado,macroeconomia 32,auditoria 35,matematica 18,programacion 90
Ruiz,Luz,2012,5034 35566 0413,ingenieria,postgrado,energia 44,neurologia 48,biologia 18,auditoria 14
Lima,Andrea,2013,6145 61332 0102,ambientales,doctorado,biologia 50,razonamiento 94,auditoria 70
Perez,Kevin,2017,8074 70314 0113,economia,postgrado,deporte 93,macroeconomia 83,matematica 66
Leon,Daniel,1997,7590 86585 0108,salud,pregrado,calculo 96,matematica 7,biologia 97,programacion 39,macroeconomia 28
Lima,Evelyn,2016,6839 61550 0108,humanidades,pregrado,matematica 58,biologia 60,neurologia 44,programacion 18,energia 4
Lima,Luz,2019,4981 25349 0413,salud,pregrado,neurologia 35,auditoria 70
Perez,Manuel,2014,3662 87060 0102,salud,doctorado,neurologia 13,macroeconomia 23
Bautista,Manuel,2005,4176 91417 0413,economia,doctorado,neurologia 55
Bautista,Evelyn,2016,4556 90981 0102,ingenieria,postgrado,matematica 20,programacion 15,neurologia 13,auditoria 25,razonamiento 93
Perez,Lucia,2003,5219 45607 0101,ambientales,postgrado,macroeconomia 93,biologia 71,microeconomia 46,energia 11
Lima,Evelyn,2015,4359 20523 0101,salud,postgrado,matematica 21,microeconomia 60,neurologia 41,compiladores 44
Perez,Lucia,1997,5112 83816 0108,humanidades,pregrado,microeconomia 7,calculo 60
Ruiz,Daniel,2004,5043 65394 0413,ingenieria,doctorado,neurologia 13,biologia 44,razonamiento 15,calculo 57
Bautista,Manuel,2012,1498 45776 0113,economia,pregrado,macroeconomia 12,calculo 49,programacion 2
Bautista,Ana,1995,4958 41790 0413,ambientales,pregrado,energia 61,macroeconomia 36,biologia 100,razonamiento 50
Mejia,Ana,2019,7645 54845 0108,ambientales,pregrado,deporte 15,biologia 27
Leon,Ana,2012,5558 39629 0101,humanidades,postgrado,matematica 16
Vasquez,Manuel,2013,1272 36336 0102,ambientales,postgrado,macroeconomia 9,energia 82,compiladores 4,auditoria 60,razonamiento 35
Leon,Evelyn,2014,9366 76636 0108,economia,postgrado,biologia 61,deporte 59,compiladores 64,matematica 92
Vasquez,Lucia,2015,4743 26376 0113,salud,pregrado,calculo 96,macroeconomia 52
Lima,Daniel,1996,5141 56755 0413,economia,postgrado,razonamiento 58,energia 85,microeconomia 9,biologia 14
Leon,Kevin,2011,1488 62561 0108,salud,pregrado,macroeconomia 96,calculo 27
Lima,Evelyn,2001,3275 83249 0102,ingenieria,pregrado,programacion 64,deporte 76
Morales,Lucia,2019,7750 71021 0413,humanidades,doctorado,microeconomia 35,compiladores 86,macroeconomia 7,programacion 9,calculo 21
Perez,Daniel,2019,3828 67635 0108,ingenieria,postgrado,compiladores 60,microeconomia 88,deporte 96,neurologia 83
Mejia,Daniel,2010,6251 52824 0413,humanidades,postgrado,programacion 56,razonamiento 63,biologia 17,compiladores 22,energia 46
Barrios,Luz,2014,4094 37220 0101,humanidades,postgrado,compiladores 46,energia 12,razonamiento 53
Perez,Sebastian,2007,4379 58058 0108,ingenieria,doctorado,compiladores 74
